Sentence;translated_text;POS_tags;Sentiment;TF-IDF;word2vec_embedding;custom_word2vec_embedding;bert_embedding
Laverne, California.;Laverne, California.;[('Laverne', 'NOUN'), (',', '.'), ('California', 'NOUN'), ('.', '.')];0.0;[0. 0. 0. ... 0. 0. 0.];"[0. 0. 0. 0. 0. 0. 0. 0. 0. 0. 0. 0. 0. 0. 0. 0. 0. 0. 0. 0. 0. 0. 0. 0.
 0. 0. 0. 0. 0. 0. 0. 0. 0. 0. 0. 0. 0. 0. 0. 0. 0. 0. 0. 0. 0. 0. 0. 0.
 0. 0. 0. 0. 0. 0. 0. 0. 0. 0. 0. 0. 0. 0. 0. 0. 0. 0. 0. 0. 0. 0. 0. 0.
 0. 0. 0. 0. 0. 0. 0. 0. 0. 0. 0. 0. 0. 0. 0. 0. 0. 0. 0. 0. 0. 0. 0. 0.
 0. 0. 0. 0. 0. 0. 0. 0. 0. 0. 0. 0. 0. 0. 0. 0. 0. 0. 0. 0. 0. 0. 0. 0.
 0. 0. 0. 0. 0. 0. 0. 0. 0. 0. 0. 0. 0. 0. 0. 0. 0. 0. 0. 0. 0. 0. 0. 0.
 0. 0. 0. 0. 0. 0. 0. 0. 0. 0. 0. 0. 0. 0. 0. 0. 0. 0. 0. 0. 0. 0. 0. 0.
 0. 0. 0. 0. 0. 0. 0. 0. 0. 0. 0. 0. 0. 0. 0. 0. 0. 0. 0. 0. 0. 0. 0. 0.
 0. 0. 0. 0. 0. 0. 0. 0. 0. 0. 0. 0. 0. 0. 0. 0. 0. 0. 0. 0. 0. 0. 0. 0.
 0. 0. 0. 0. 0. 0. 0. 0. 0. 0. 0. 0. 0. 0. 0. 0. 0. 0. 0. 0. 0. 0. 0. 0.
 0. 0. 0. 0. 0. 0. 0. 0. 0. 0. 0. 0. 0. 0. 0. 0. 0. 0. 0. 0. 0. 0. 0. 0.
 0. 0. 0. 0. 0. 0. 0. 0. 0. 0. 0. 0. 0. 0. 0. 0. 0. 0. 0. 0. 0. 0. 0. 0.
 0. 0. 0. 0. 0. 0. 0. 0. 0. 0. 0. 0.]";"[0. 0. 0. 0. 0. 0. 0. 0. 0. 0. 0. 0. 0. 0. 0. 0. 0. 0. 0. 0. 0. 0. 0. 0.
 0. 0. 0. 0. 0. 0. 0. 0. 0. 0. 0. 0. 0. 0. 0. 0. 0. 0. 0. 0. 0. 0. 0. 0.
 0. 0. 0. 0. 0. 0. 0. 0. 0. 0. 0. 0. 0. 0. 0. 0. 0. 0. 0. 0. 0. 0. 0. 0.
 0. 0. 0. 0. 0. 0. 0. 0. 0. 0. 0. 0. 0. 0. 0. 0. 0. 0. 0. 0. 0. 0. 0. 0.
 0. 0. 0. 0. 0. 0. 0. 0. 0. 0. 0. 0. 0. 0. 0. 0. 0. 0. 0. 0. 0. 0. 0. 0.
 0. 0. 0. 0. 0. 0. 0. 0. 0. 0. 0. 0. 0. 0. 0. 0. 0. 0. 0. 0. 0. 0. 0. 0.
 0. 0. 0. 0. 0. 0. 0. 0. 0. 0. 0. 0. 0. 0. 0. 0. 0. 0. 0. 0. 0. 0. 0. 0.
 0. 0. 0. 0. 0. 0. 0. 0. 0. 0. 0. 0. 0. 0. 0. 0. 0. 0. 0. 0. 0. 0. 0. 0.
 0. 0. 0. 0. 0. 0. 0. 0. 0. 0. 0. 0. 0. 0. 0. 0. 0. 0. 0. 0. 0. 0. 0. 0.
 0. 0. 0. 0. 0. 0. 0. 0. 0. 0. 0. 0. 0. 0. 0. 0. 0. 0. 0. 0. 0. 0. 0. 0.
 0. 0. 0. 0. 0. 0. 0. 0. 0. 0. 0. 0. 0. 0. 0. 0. 0. 0. 0. 0. 0. 0. 0. 0.
 0. 0. 0. 0. 0. 0. 0. 0. 0. 0. 0. 0. 0. 0. 0. 0. 0. 0. 0. 0. 0. 0. 0. 0.
 0. 0. 0. 0. 0. 0. 0. 0. 0. 0. 0. 0.]";"[-4.12216872e-01 -1.24788433e-01 -4.02103573e-01 -1.83775917e-01
  1.81934774e-01 -8.22001547e-02 -2.65313208e-01  4.67251509e-01
 -3.37118000e-01 -6.90218359e-02 -2.45346829e-01 -2.09043309e-01
  2.34057438e-02  3.88344675e-01 -1.96707383e-01 -2.43378937e-01
 -1.20701693e-01  5.48578680e-01  3.43322158e-02 -2.96210945e-01
  1.69558376e-02 -1.88250408e-01 -3.38294983e-01  1.08499296e-01
 -9.72534791e-02  1.16232410e-01  2.70173281e-01 -4.37705874e-01
  9.52835903e-02  5.93218505e-02 -4.72781181e-01  1.54980183e-01
 -1.89493746e-01 -3.20187330e-01  3.39513928e-01 -1.22913919e-01
  2.85306036e-01 -1.04459494e-01 -5.60008027e-02  3.69487762e-01
  3.80363092e-02 -1.95559874e-01  4.73129511e-01 -4.64536071e-01
  3.13493550e-01 -4.06301856e-01 -2.53060150e+00  1.58516392e-01
 -3.76280189e-01 -1.56858400e-01  2.84449644e-02 -3.15910816e-01
  8.10676813e-01  6.90258622e-01 -4.55588102e-03  4.96659935e-01
  1.94711119e-01  6.42314434e-01  6.02941215e-01 -1.75930813e-01
  1.45421460e-01  3.48248035e-02  5.29436395e-04  2.07725123e-01
 -1.94445938e-01  3.19848098e-02  9.43406820e-02  2.86863625e-01
 -8.15054998e-02  2.62562364e-01 -5.10934591e-01 -2.26888899e-02
  5.57741761e-01 -7.95451552e-02  5.08039445e-02  2.85910398e-01
 -3.38866234e-01  9.82258841e-02 -2.20147707e-02 -2.42961720e-01
  1.67271346e-01  2.90956348e-01  4.14503753e-01 -2.20741972e-01
  2.91470140e-01  3.81733358e-01 -5.06715238e-01 -3.31752658e-01
  7.10409939e-01  6.18372560e-01 -5.38297117e-01 -1.25465512e-01
 -1.29692219e-02  5.46586692e-01  1.69189006e-01 -3.00355732e-01
  9.52157080e-02  1.68131486e-01  1.73673227e-01  2.59913743e-01
  1.87024921e-01  1.41755432e-01  2.35532224e-02 -4.68797177e-01
 -3.45619053e-01 -4.39220443e-02 -9.33440253e-02 -1.27446324e-01
  7.98523575e-02 -2.77707767e+00  3.10847498e-02  1.71171591e-01
 -3.26974615e-02  6.21813461e-02  2.05749609e-02  5.73130548e-01
  2.90168494e-01 -9.44582075e-02 -6.63828328e-02  5.14878482e-02
 -1.70269549e-01  5.75859904e-01 -1.65069520e-01 -3.14245433e-01
 -3.80196497e-02  3.54012877e-01 -1.69930421e-03  1.04306988e-01
  2.04372942e-01 -3.77173796e-02 -1.64271481e-02  2.23137036e-01
 -1.23491690e-01 -3.26864928e-01 -1.27113134e-01 -1.50389194e-01
  4.08215076e-01  2.18904555e-01  2.39373893e-01 -5.24398610e-02
 -6.25530362e-01 -2.29899809e-01 -3.25699949e+00 -1.94324136e-01
  5.73672771e-01 -5.07211722e-02  2.28813082e-01  1.08098432e-01
  4.51724231e-02  4.05251831e-01  1.33614987e-01  5.13995767e-01
  9.20104980e-03  1.74437165e-01 -3.73336822e-01  7.05414340e-02
 -2.14967906e-01  1.15032516e-01  6.79193020e-01  2.32861832e-01
  2.87604004e-01 -2.52953231e-01  2.19341870e-02 -3.37127984e-01
 -4.61592495e-01  5.14312685e-02  1.87117293e-01  1.70689523e-02
  2.43470311e-01  1.64336249e-01 -2.93720514e-01 -8.20176899e-02
  3.30082685e-01  8.36900622e-02  5.75464070e-01 -1.76919207e-01
 -3.10726345e-01  3.89921278e-01  2.02824786e-01 -3.71222913e-01
 -1.33905903e-01  6.64988875e-01  4.48312685e-02  1.18107684e-02
  2.95062423e-01 -4.15727139e-01  4.80072886e-01 -1.39626786e-01
 -2.54252702e-01  2.96874851e-01 -4.08719778e-01 -2.52405763e-01
  1.68630958e-01  4.04050410e-01  2.05560088e-01  7.55813569e-02
 -1.20584622e-01 -1.03633165e+00  1.17226705e-01  4.65968668e-01
 -1.10786065e-01 -2.39539579e-01 -6.80105016e-03  4.56678011e-02
  1.10911854e-01  3.79200459e+00 -1.79370984e-01  9.11193490e-02
  4.67342585e-02  5.23238420e-01 -7.08581209e-02 -6.33990988e-02
  2.72768736e-01 -1.32406279e-01  1.09980106e-01  2.53458172e-02
  3.15235943e-01  2.21259296e-01 -1.02356911e-01 -4.79000270e-01
  1.93668321e-01  7.86047339e-01 -4.93445620e-02 -1.14880688e-01
 -1.87209278e-01 -3.46919373e-02 -2.87961125e-01 -1.16115123e-01
 -2.80227482e-01 -7.80481219e-01  1.80745274e-02  4.60856818e-02
 -7.88185537e-01  5.39840274e-02  2.20594838e-01  3.42641681e-01
 -4.67700094e-01 -9.77778733e-02  3.68485481e-01 -3.91620398e-02
  5.38078472e-02  9.40357670e-02 -3.56607288e-01  3.09771836e-01
 -4.41469282e-01  6.91913128e-01  3.42737079e-01 -1.71395034e-01
  3.18330199e-01  1.11393467e-01  5.12625635e-01 -7.03855008e-02
  2.47368142e-01 -6.47164732e-02 -1.00659057e-01 -1.26241848e-01
  1.72147930e-01  1.89561725e-01 -2.32404813e-01 -4.53024566e-01
 -5.92005968e-01  5.96931726e-02  3.58614504e-01 -3.08543622e-01
 -5.86194396e-02 -1.42114013e-01  2.21020088e-01 -4.92852241e-01
  5.11132181e-03  2.67208610e-02 -4.85117912e-01 -6.37746826e-02
 -2.33286709e-01 -4.17669058e+00 -5.41231558e-02  5.16766131e-01
  3.90720308e-01 -2.98980325e-02 -2.71164745e-01 -1.21356711e-01
  7.70995766e-02  3.90035331e-01 -5.07232606e-01  8.50630105e-02
  1.39115542e-01  4.37249243e-02  3.35431576e-01 -2.72528768e-01
  1.46563709e-01 -1.54370323e-01 -3.48151654e-01 -9.82908458e-02
 -1.72936022e-01  2.40399182e-01  6.15676306e-02 -1.85860544e-01
  1.85545180e-02  2.92761624e-01 -2.69460022e-01 -2.00682461e-01
 -2.62886614e-01 -3.35242122e-01 -3.01146060e-01  1.79843336e-01
  5.89119755e-02  9.37203839e-02 -1.34996073e-02 -1.36005878e-01
 -2.32328725e+00  3.28568250e-01 -3.37444335e-01 -2.00744525e-01
  4.51118797e-02 -1.66593641e-01  4.05800343e-01 -4.20995444e-01
 -1.46719992e-01  4.42500830e-01  2.69855559e-01 -1.16111934e-01
 -2.56944478e-01  9.84317660e-02  9.26860347e-02  5.22750139e-01
  3.15235138e-01  1.49270415e-01  3.07282269e-01  4.07727182e-01
 -5.22092059e-02 -6.97119758e-02 -1.00177541e-01 -3.79275382e-02
  1.70017123e-01  6.39124811e-01 -6.32848203e-01 -4.37671132e-02
 -7.30649829e-01  2.44220227e-01  1.69026196e-01 -1.83240265e-01
  1.57443993e-03  1.75030604e-01 -7.09720477e-02 -1.05415031e-01
  2.76375949e-01  3.49106312e-01  6.07088625e-01 -1.17257595e-01
  1.60657614e-03  1.03218615e+00 -4.09366377e-02  7.84298301e-01
  6.48951769e-01  2.61627853e-01  2.26066545e-01 -3.68622959e-01
 -8.96085873e-02  4.99776721e-01 -4.15009931e-02  1.59147367e-01
  1.22298205e+00  2.76005000e-01  4.83802259e-02 -5.86532891e-01
  2.77195990e-01 -3.00258156e-02  1.78360566e-01  2.65490353e-01
  8.15475404e-01 -3.03916216e-01  5.68382621e-01  3.21168989e-01
  1.66581050e-01 -8.99735034e-01 -3.31171155e-02 -4.36860263e-01
 -1.88747495e-01  1.53314427e-01  1.59908272e-02  2.47523636e-02
 -4.22890574e-01 -9.80987489e-01 -2.92959124e-01  6.54411167e-02
 -2.00736165e-01  1.15002804e-01 -9.34066847e-02  1.88763626e-02
  4.47096564e-02  4.38081503e-01 -2.76759624e-01  6.50246501e-01
 -3.99261057e-01 -1.72305286e-01 -2.95611560e-01  2.29205549e-01
 -5.96855819e-01 -7.07102790e-02 -9.09291089e-01  4.34799492e-01
  6.94717348e-01  7.10134581e-02 -2.18155444e-01  2.64381051e-01
  6.19807780e-01 -8.00602913e-01  2.02880740e-01 -4.32861984e-01
 -2.71629721e-01 -5.81987500e-01 -3.06590438e-01  6.24905825e-01
 -6.55168116e-01 -5.60427643e-02  6.46945834e-02  1.87921375e-01
  2.44215131e-01  1.78467065e-01 -3.06601226e-01 -6.27465993e-02
  8.37968662e-02  5.54490536e-02  8.26193333e-01  9.05548558e-02
 -2.62905240e-01  3.76144618e-01  1.75610110e-01  6.01787210e-01
  7.21203536e-03  2.74924278e-01  1.88761726e-01 -1.96134418e-01
  2.79493570e-01 -4.77604330e-01  1.85705379e-01 -1.94951028e-01
 -4.33251351e-01 -2.63909340e-01 -7.93633163e-02 -2.33257070e-01
  2.43206501e-01 -5.99345922e-01 -3.25668573e-01 -2.55653590e-01
 -5.67005098e-01  2.46966444e-02  3.00619543e-01  2.22434983e-01
 -1.01636313e-02  4.23931517e-02 -4.68939662e-01  6.41292274e-01
  1.49335638e-01  7.89039671e-01  4.61660773e-01  2.21575424e-02
 -2.80245304e-01  2.35481784e-01 -7.88678527e-02 -2.42973864e-01
 -1.62453234e-01 -5.08258641e-01 -1.42030105e-01 -3.39105964e-01
 -1.50419977e-02  2.04998076e-01  2.52559215e-01  2.08761960e-01
  5.10798931e-01  7.01344237e-02 -1.39548385e+00  5.00821412e-01
  5.15783012e-01  1.64292932e-01  5.26163697e-01  6.98305219e-02
 -5.75646341e-01  2.82212615e-01  4.03880775e-01 -7.00139031e-02
 -5.09552479e-01 -2.19888702e-01  4.39918377e-02  2.54247151e-03
  3.20615739e-01  1.88216463e-01  2.33093143e-01 -4.63561386e-01
 -5.02506085e-02 -1.96402937e-01 -2.15511054e-01  3.72412711e-01
 -8.97095352e-02 -1.09911732e-01 -1.96184665e-01 -1.34578079e-01
 -6.48340732e-02  4.69525695e-01  4.51389909e-01  4.79399376e-02
 -1.18493319e-01 -3.41665924e-01 -5.44334710e-01 -4.61661845e-01
  2.28100896e-01  6.51251972e-02  1.82080582e-01 -4.35317084e-02
  5.08112550e-01 -7.96853080e-02 -2.05950677e-01  3.78900260e-01
  4.32641208e-01 -2.86978871e-01  8.23597491e-01  3.64007056e-01
 -6.54963315e-01  1.96500883e-01  1.77977420e-02 -1.15131870e-01
 -6.16843998e-03 -2.50526011e-01  2.74470538e-01  2.48577490e-01
  1.85064554e-01 -9.12737250e-02 -1.69478148e-01  6.34061620e-02
 -4.91315246e-01 -2.06344232e-01  3.81183624e-01 -5.95579207e-01
 -3.07906955e-01  5.66277444e-01 -3.13726604e-01 -8.22948396e-01
 -7.43140951e-02 -3.08846682e-02 -3.60789508e-01  7.51699582e-02
  2.76800126e-01 -1.55968636e-01  2.65466422e-02  4.27534670e-01
 -3.30845326e-01  3.34135890e-02  7.86947608e-02  3.18131924e-01
  2.30553240e-01 -3.38183522e-01 -2.71375868e-02 -3.41427594e-01
 -4.02619779e-01  4.88646537e-01  3.81173164e-01  1.33448005e-01
 -8.87115672e-02  3.63490939e-01 -4.16261375e-01 -2.06221938e-01
 -5.43159425e-01 -4.36116129e-01  4.69170988e-01 -1.11758307e-01
  2.03376070e-01 -1.46977559e-01  7.52319247e-02 -2.95073297e-02
  3.35011370e-02 -1.87929586e-01  7.66853094e-02  3.23494047e-01
  4.72902089e-01  1.12701207e-03  4.87889886e-01  2.60489523e-01
  6.04285955e-01  2.08231777e-01  4.28906456e-02  4.35965024e-02
 -4.42305915e-02  9.78251845e-02 -6.96338892e-01 -1.17546350e-01
  1.72844261e-01 -1.60551533e-01 -5.35966689e-03 -6.12948596e-01
  2.21385670e+00  4.90806997e-01  1.91790313e-01 -3.26052874e-01
  4.42803025e-01 -1.97713494e-01 -1.70487568e-01 -2.50148550e-02
 -5.97687185e-01  2.16151327e-01  7.16105551e-02 -3.63494039e-01
  6.76275671e-01  1.91935539e-01 -5.54466099e-02  3.05728555e-01
 -5.10343492e-01 -6.29625022e-01 -6.62515104e-01  2.99263328e-01
 -7.93106675e-01  7.14292228e-01  1.31046288e-02  1.32869422e-01
  1.42687187e-01  6.35248125e-02  4.74807853e-03 -9.09650251e-02
  3.44522834e-01  4.78115864e-03 -2.80291766e-01 -2.55234577e-02
 -2.31923953e-01  4.04043466e-01 -5.94653368e-01  8.88784230e-02
 -7.96004534e-02 -1.62424400e-01 -2.82202959e-01 -1.28156528e-01
 -2.63303250e-01 -2.24422306e-01  5.49386978e-01 -1.04354598e-01
  4.20937166e-02  5.42258739e-01  3.05083767e-03 -3.88310611e-01
  6.04172111e-01  2.67405450e-01 -2.18942717e-01 -6.54092431e-02
 -2.24214166e-01  3.04108590e-01 -2.67866462e-01 -1.61588773e-01
  2.15734825e-01 -1.08836859e-01  6.88369945e-02  1.93512648e-01
 -1.68112636e-01  5.94282746e-01  4.88117427e-01 -1.86872736e-01
 -7.19916299e-02 -2.13427812e-01 -3.25515091e-01 -2.10575432e-01
  1.37601033e-01 -6.25857234e-01  9.77933034e-02  3.93533230e-01
  2.40971535e-01 -2.65065469e-02 -2.25085422e-01 -1.74310654e-01
  4.04948860e-01 -2.07412586e-01 -4.25118595e-01 -3.03022289e+00
 -5.08447364e-02  4.63171639e-02  8.98826122e-02  2.84305900e-01
  4.77078259e-01  1.22751474e-01 -3.03005427e-01 -1.00768149e-01
 -1.63685948e-01  4.59327489e-01  6.58834934e-01  6.39458001e-01
  1.65242806e-01  1.17078006e-01  5.03906250e-01  2.17895493e-01
 -1.26164913e-01  1.67106330e-01  2.20737085e-02  3.27651083e-01
 -1.12258792e-02 -6.83601856e-01 -1.14972830e-01 -4.70735371e-01
  4.44420606e-01 -1.26194835e-01 -8.40145051e-02  1.59308270e-01
  4.00969863e-01 -4.60108727e-01  4.94888395e-01 -3.53603922e-02
  7.27774724e-02  1.30202591e-01 -3.54455173e-01  3.19759175e-02
 -5.40376455e-02 -1.60662946e-03 -1.85793266e-02 -8.13774988e-02
  6.41317248e-01 -9.69077796e-02  1.13696605e-01 -5.02272844e-01
  9.67008546e-02  5.05127609e-01 -1.99981421e-01  6.07560396e-01
 -3.74990016e-01 -1.73403800e-01 -1.87079102e-01  1.58735663e-02
  3.47336382e-02  3.23639870e-01 -6.26091212e-02  5.07726967e-02
 -1.95015937e-01  3.27615976e-01 -2.76447475e-01  1.16066881e-01
  5.95995545e-01 -1.75553650e-01  1.55880898e-01  9.19875056e-02
 -2.55216420e-01 -3.29615176e-01 -2.43542254e-01  6.28030598e-02
  1.75581157e-01 -1.36742860e-01 -1.58394665e-01  5.49128294e-01
  1.44664928e-01  4.12937179e-02  1.54642910e-01  1.38366103e-01
  1.87000021e-01  5.42961478e-01  2.06728145e-01  2.31045038e-02
 -5.43713629e-01 -6.30041182e-01  1.71503514e-01  2.24760219e-01
 -7.81498671e+00 -3.84922773e-01 -6.08067393e-01 -4.94479090e-01
  2.08648652e-01 -2.14023709e-01  2.38238081e-01 -4.05679733e-01
 -1.79359943e-01  3.58913392e-01  9.35474113e-02  2.09195688e-01
 -4.05909240e-01 -2.81525195e-01  7.16503382e-01  3.04175049e-01]"
Just 30 miles from Los Angeles, this suburb is home to a neighborhood Italian bistro called Charlie's.;Just 30 miles from Los Angeles, this suburb is home to a neighborhood Italian bistro called Charlie's.;"[('Just', 'ADV'), ('30', 'NUM'), ('miles', 'NOUN'), ('from', 'ADP'), ('Los', 'NOUN'), ('Angeles', 'NOUN'), (',', '.'), ('this', 'DET'), ('suburb', 'NOUN'), ('is', 'VERB'), ('home', 'VERB'), ('to', 'PRT'), ('a', 'DET'), ('neighborhood', 'NOUN'), ('Italian', 'ADJ'), ('bistro', 'NOUN'), ('called', 'VERB'), ('Charlie', 'NOUN'), (""'s"", 'PRT'), ('.', '.')]";0.0;[0. 0. 0. ... 0. 0. 0.];"[ 1.15331011e-02  5.30936718e-02  1.34857178e-01  8.68835449e-02
 -4.32230644e-02  5.86140938e-02 -6.03930168e-02 -1.78690597e-01
 -1.16628008e-02  1.32619217e-01 -5.35469055e-02 -7.62735978e-02
 -4.45556641e-03 -2.68452968e-02  4.46166992e-02  8.36372375e-02
  3.06294765e-02  1.74621582e-01  1.87072754e-02  6.28306046e-02
 -6.89900741e-02 -1.19628906e-02 -3.06345616e-02 -9.24148560e-02
  2.58051548e-02 -8.02917480e-02 -7.52410889e-02  1.12375893e-01
  3.37753296e-02 -2.67893467e-02  9.38974991e-02 -3.09956875e-02
  5.76375313e-02  8.75790883e-03 -8.11411515e-02 -2.07074475e-03
 -3.53393555e-02 -7.86336288e-02  1.22833252e-02  2.18912754e-02
 -1.47196455e-02  3.08965053e-02  9.85310897e-02  9.59962234e-02
 -8.28374252e-02  1.20824175e-02 -6.79982528e-02  1.33013725e-02
  5.79325343e-03  8.26416016e-02  4.03849268e-03  1.29374191e-01
  1.12258911e-01 -5.20833349e-03 -2.76947021e-02  7.63244629e-02
 -1.03312172e-01 -2.78472900e-03 -3.07515468e-02 -7.44628906e-02
 -7.85217285e-02  1.30193070e-01 -7.94169083e-02 -1.42496750e-01
  1.12915039e-02 -1.21679306e-01 -8.35978165e-02  5.28767891e-02
 -4.81211357e-02  1.40645340e-01  7.08007812e-02  9.84497070e-02
 -4.72615547e-02 -6.18947335e-02 -1.34857178e-01  5.85581474e-02
  2.78523769e-02  1.08451843e-02 -2.20692959e-02  1.82952881e-02
  2.18048096e-02 -5.79071045e-02  2.91188564e-02 -4.60561104e-02
 -4.51863594e-02 -2.04340611e-02 -7.29675293e-02  1.55171707e-01
  7.42085800e-02 -3.77146415e-02 -1.56094236e-02 -2.53702793e-02
 -1.34810135e-01 -9.51029435e-02 -4.90926094e-02 -2.64689121e-02
 -3.71907540e-02 -5.77036552e-02 -1.48111982e-02 -7.55004883e-02
 -8.08817521e-02 -7.87353516e-03  5.34871407e-02  4.55958061e-02
 -3.84724922e-02 -6.84407577e-02  1.31384535e-02 -1.12101240e-02
 -1.00046791e-01 -5.01454659e-02 -4.33553047e-02  2.01110840e-02
  7.32333437e-02 -8.58879089e-02  5.17628975e-02  3.21350098e-02
 -6.91477442e-03  3.05074062e-02  1.34353638e-02  4.88281250e-03
 -2.79235840e-02 -3.43017578e-02 -1.35213211e-01  2.37935390e-02
  6.90409318e-02  1.30208337e-03 -1.28061935e-01 -1.00123085e-01
  7.92338029e-02  2.72051487e-02 -2.87272129e-02 -1.05972290e-01
  7.36058578e-02 -1.33768721e-02 -4.64248657e-02 -5.43619804e-02
  5.51198311e-02 -9.48511735e-02  1.49230957e-02  1.09746300e-01
  3.71348076e-02 -8.01137313e-02  4.69741821e-02 -3.37829590e-02
  8.90909806e-02 -4.56415825e-02 -6.96004257e-02 -2.78218579e-03
 -1.02905273e-01 -1.21866859e-01  1.14682518e-01  3.32539864e-02
 -4.62646484e-02  5.30497245e-02 -1.12304688e-02 -4.76710014e-02
 -4.47336845e-02  6.77261353e-02 -4.71750908e-02 -4.75018807e-02
 -3.37015800e-02  1.34142563e-01  6.40932703e-03 -2.68376675e-02
  1.35879517e-02 -2.37325039e-02  9.24530029e-02 -2.21913662e-02
  3.84775810e-02  3.29081230e-02 -1.97489426e-01 -5.24876900e-02
  2.82491054e-02 -5.13000488e-02 -4.09138985e-02  5.05065918e-02
  7.99967423e-02 -8.52966309e-03  1.92362461e-02  4.55067940e-02
 -3.51359062e-02 -7.17226639e-02 -2.31145229e-02 -3.25571708e-02
  5.66978455e-02 -2.31145229e-02 -5.60989380e-02  5.24291992e-02
  3.54105644e-02 -4.11783867e-02  1.05673470e-01  3.15109082e-02
 -1.24842329e-02  4.95300293e-02 -1.41169235e-01  9.01311263e-02
 -5.13788871e-02  2.28932705e-02 -9.10441100e-04  3.49934888e-03
 -7.83513412e-02 -2.09001694e-02 -7.75308609e-02 -1.86309814e-02
  4.21752930e-02 -7.50427246e-02  3.13059497e-03  2.37121582e-02
  2.07722988e-02 -3.14954109e-02 -2.66927090e-02  3.75874825e-02
 -8.61511230e-02  8.72370377e-02 -1.20717369e-01  7.19909668e-02
  2.72928867e-02  4.42504883e-04 -1.69047043e-01  9.10949707e-03
 -2.57263184e-02  5.43416329e-02  1.25567123e-04 -2.87679043e-02
  2.44344082e-02 -3.86606865e-02  8.06986466e-02  1.13260902e-01
  1.27156571e-04 -5.44230128e-03  8.62121582e-02 -1.42995194e-01
 -3.19417310e-03  8.87044240e-03  4.06188965e-02  9.63083934e-03
  4.03442383e-02 -4.70072441e-02  2.56449375e-02 -3.49934888e-03
  6.64316788e-02 -9.26157609e-02  4.51405831e-02 -4.91841622e-02
 -8.36334229e-02  1.04909264e-01  5.11830635e-02  8.21456909e-02
 -2.53499355e-02 -5.41585274e-02  3.38935852e-02  1.38117475e-02
  1.69916794e-01  7.69449845e-02  4.93265800e-02 -4.26661186e-02
 -8.72802734e-03 -3.41466255e-02 -2.99479160e-02  3.49934888e-03
 -3.81469727e-02 -8.17871094e-03  9.10898820e-02  2.54058838e-02
  5.55419922e-02  8.97318497e-02 -3.45764160e-02 -8.03324357e-02
 -1.45767212e-01 -1.96768437e-02 -2.69711819e-02 -5.08372001e-02
 -1.28682451e-02 -1.72449742e-02  6.92545548e-02 -6.28967285e-02
 -2.55432129e-02 -9.08813477e-02  1.23647051e-02 -6.87866211e-02
 -2.15896759e-02 -5.49316406e-04 -1.09914141e-02  1.09387718e-01
 -3.84140015e-02 -7.01840734e-03 -9.24886093e-02  4.07257080e-02
 -7.57242814e-02  5.93668632e-02 -9.41162109e-02  2.35315952e-02
 -1.25941589e-01  1.55451462e-01  6.69631958e-02  1.44195557e-02
  8.29823781e-03 -6.13428764e-02  9.94262695e-02 -7.20087662e-02]";"[-3.04826871e-02  1.34064332e-01 -3.29825580e-02  8.43225718e-02
 -6.08346090e-02 -6.49990141e-02  1.92313284e-01  2.01656893e-01
  5.65738417e-02 -1.94104984e-02  1.32459321e-03 -8.00715536e-02
 -1.74476355e-01 -6.48072883e-02 -1.91265121e-01 -1.48029486e-02
 -7.52784545e-03 -3.01639223e-03 -1.78939521e-01 -1.12189010e-01
 -2.62119137e-02 -6.26115650e-02 -1.25703797e-01  1.05004273e-01
  2.25719124e-01 -3.28826681e-02 -2.65352100e-01  2.36147702e-01
 -8.90960991e-02  6.14562370e-02  5.77024072e-02  2.75228787e-02
  5.32774962e-02  7.29633048e-02 -1.01128384e-01  1.58883169e-01
  6.18019104e-02 -4.40314077e-02 -2.16558695e-01 -2.56242137e-02
  5.98167181e-02 -2.55814684e-03 -5.77232391e-02  4.89437804e-02
 -4.16882001e-02  7.02083036e-02  1.76678628e-01 -1.41585559e-01
  1.54621266e-02 -3.84415053e-02  1.43467337e-01  1.50269642e-01
  1.21860385e-01 -4.24351618e-02  3.13171372e-02 -1.16010576e-01
  1.28767595e-01 -6.34446507e-03 -1.47782080e-02 -1.22986883e-01
  2.07492486e-02 -7.30583519e-02 -3.99798946e-03  1.47911876e-01
  3.71427089e-02  1.47017822e-01  1.05319150e-01 -6.64175674e-02
 -7.82760978e-03  1.91586539e-02 -1.25354424e-01  8.05347711e-02
 -2.87001184e-03 -8.40433538e-02  6.54681250e-02 -2.30956703e-01
  4.73532304e-02 -1.65744811e-01  4.12589237e-02  2.40727320e-01
  6.35183305e-02 -3.05706244e-02  1.52794654e-02  5.61435195e-03
  9.64262858e-02 -1.92170870e-02 -5.66149577e-02 -2.92303925e-03
  8.57262984e-02  1.94108456e-01 -2.29705088e-02 -4.65821810e-02
 -1.34523496e-01 -1.77382398e-02 -1.19991712e-01  1.49655789e-01
  1.46119043e-01 -7.74296895e-02 -5.32921553e-02  4.63138148e-02
 -1.07145153e-01 -3.13198902e-02  2.05405638e-01 -7.79605471e-03
 -8.62096623e-03 -2.24121779e-01  8.66361782e-02  1.08710878e-01
 -5.39485477e-02 -6.35195151e-02 -1.11362509e-01 -9.43907574e-02
  1.71929285e-01 -6.41742945e-02 -1.87451858e-02 -4.95085120e-03
  6.44408017e-02 -3.89474630e-02  1.01602681e-01 -7.98325464e-02
  6.84605688e-02  1.06171101e-01 -8.57068971e-02  4.44710664e-02
 -1.34621754e-01  3.61121967e-02 -4.28709388e-02 -5.10266330e-03
 -5.67563400e-02  5.51078767e-02  1.48463666e-01  9.61299762e-02
  1.19841523e-01 -2.89343316e-02 -7.50863701e-02  1.80326700e-01
 -1.83585033e-01 -2.10913002e-01 -9.03313011e-02 -4.06403989e-02
  1.71659544e-01 -8.93746093e-02 -1.08554333e-01  9.43988413e-02
  7.25801140e-02 -5.78559265e-02 -5.09489588e-02 -1.59552157e-01
 -2.75967497e-04  5.52908592e-02 -2.29420587e-01 -2.13610977e-01
 -1.34872571e-01 -2.70491373e-02 -2.11113971e-02  1.45730227e-01
 -1.36584729e-01 -2.45491907e-01  2.22360864e-02  1.63655296e-01
 -9.16373804e-02  1.56483591e-01 -8.80184025e-02 -3.04174852e-02
 -9.16336700e-02  7.76932240e-02 -1.16665177e-01 -1.06679440e-01
  3.71613540e-02  6.89077303e-02 -3.85073200e-02  1.01341359e-01
  9.78500172e-02 -5.01422286e-02 -1.08496882e-02  1.42041668e-01
 -7.58534595e-02 -7.68259913e-02 -2.42752824e-02 -6.42042384e-02
 -7.27095455e-02  5.56052104e-02 -2.82849520e-01 -8.93886611e-02
  1.16364792e-01  1.10002510e-01  9.25352126e-02  1.04516558e-01
  6.44670352e-02 -6.01958111e-02  2.75315233e-02 -4.02502455e-02
 -1.64859113e-03  7.19571933e-02  9.95860398e-02 -1.24282725e-02
  1.09934941e-01 -1.31917149e-01  1.08366776e-02 -8.40470120e-02
  5.24751171e-02 -8.11777264e-02 -4.29287367e-02 -8.28507636e-03
 -3.80466469e-02 -3.78476121e-02  8.03380087e-02 -5.20028248e-02
 -5.25740422e-02 -1.18482800e-03 -3.61639485e-02  1.91938765e-02
 -1.13796048e-01  5.32741472e-02 -7.58322924e-02  9.17447032e-04
  1.37310356e-01 -2.04177961e-01 -1.09108567e-01 -1.61732850e-03
  1.71762258e-01  1.00378826e-01 -1.90619547e-02 -1.29518762e-01
 -5.46376035e-02 -4.02414873e-02 -1.18754487e-02 -1.41174302e-01
  2.64725164e-02  1.91421017e-01  2.33021125e-01 -8.68580863e-02
 -2.79690847e-02  1.13203898e-01  7.69682229e-02  8.99642706e-02
 -1.08326122e-01  8.97012744e-03  6.07141806e-03 -2.59040982e-01
  1.08876191e-01 -9.16096121e-02 -1.11295156e-01 -1.30236506e-01
  1.09608501e-01 -1.03366643e-01 -3.83176953e-02 -5.07028513e-02
  2.56391075e-02  7.51601160e-03  6.93674907e-02 -6.65044785e-03
  2.21121863e-01  6.06300272e-02 -4.91853617e-02 -6.07561991e-02
  8.37377682e-02 -5.89116253e-02 -6.03956915e-02 -1.42511100e-01
  5.78943305e-02  2.75842935e-01 -1.03502817e-01 -7.18840659e-02
 -1.49431244e-01 -8.00363198e-02  9.31627229e-02  7.00184330e-02
 -1.49984702e-01  4.09817370e-03 -1.92676112e-02  1.16031030e-02
 -4.63644080e-02 -1.19336732e-01  4.67341021e-02 -1.16552480e-01
  2.12832587e-03  2.35575475e-02 -5.87309375e-02 -8.21750835e-02
  3.99485230e-02 -4.19296101e-02  1.73243269e-01  1.77269487e-03
  9.07760952e-03 -3.61583605e-02 -2.09258616e-01 -1.78450113e-03
 -7.81021938e-02  1.61728933e-01 -6.97575435e-02  1.26396969e-01
  4.89710309e-02  3.17795947e-02 -8.35231617e-02  4.27460596e-02
 -6.81645423e-02 -1.50772616e-01  1.77610144e-02  1.68543443e-01]";"[ 3.84649277e-01 -2.15874970e-01  1.21124044e-01 -2.43852392e-01
  1.86356485e-01 -3.38257462e-01  2.24033803e-01  3.72874171e-01
  1.72243789e-01 -2.05082551e-01 -8.65277201e-02 -3.29175830e-01
  1.99612111e-01  7.37924576e-01  3.74058858e-02 -3.03904228e-02
  4.72017229e-02  5.80672264e-01  2.70931363e-01  1.98403463e-01
 -4.77212183e-02 -3.39074761e-01  3.71670663e-01  2.88083702e-01
  1.67547375e-01 -1.84135079e-01 -1.59907304e-02 -2.75341183e-01
  1.09155305e-01  2.28248209e-01  3.46852206e-02  4.76372272e-01
 -3.34371805e-01 -3.04420590e-01  6.82671666e-01 -5.00382721e-01
  4.63785291e-01 -3.67638409e-01  5.31356372e-02  2.34523103e-01
 -2.97842473e-01 -2.49196440e-02  5.41705430e-01  2.64558524e-01
 -2.77429938e-01 -3.90836179e-01 -3.12055922e+00  2.07561642e-01
 -1.90896124e-01 -5.70615791e-02  5.08669376e-01 -2.91903496e-01
 -2.05016360e-01  3.59859258e-01  4.55161482e-01  3.50948930e-01
 -4.42997992e-01  4.57997590e-01  3.75082046e-01  1.32040530e-02
  4.39733386e-01  1.88776985e-01 -1.39851913e-01 -1.33442119e-01
 -3.16329628e-01  3.85047555e-01  2.52470195e-01  1.23339057e-01
 -1.55852288e-01  5.20224750e-01 -4.20876086e-01 -4.64363188e-01
  4.87179607e-01 -1.80242494e-01  4.07281637e-01  1.35137752e-01
 -3.83327186e-01  4.91833329e-01  3.74138094e-02  5.22917323e-02
 -3.52252312e-02  2.38299698e-01  4.85650092e-01  3.13720495e-01
  1.59687996e-01  6.40450895e-01 -3.70626092e-01 -4.58370298e-01
  5.67206800e-01  2.58681834e-01 -3.09830815e-01  1.93127066e-01
 -1.88959837e-01  3.42379570e-01  3.46192658e-01 -2.38432676e-01
  2.21238464e-01  1.56920001e-01 -1.26582041e-01  6.53896511e-01
 -1.27585590e-01 -6.01912290e-03  1.78827628e-01 -4.80764180e-01
 -1.24967098e-02  9.99066532e-02 -4.06465828e-02  2.60976166e-01
  1.52628750e-01 -2.65544438e+00  4.39108670e-01  3.77615809e-01
 -6.87645227e-02 -3.42952698e-01 -3.53485793e-02  3.75385880e-01
  2.21616313e-01 -3.23468953e-01 -1.42884165e-01 -7.47310445e-02
 -1.37903661e-01  3.15944821e-01  6.58958852e-02 -8.93970132e-02
  1.76465079e-01 -2.71195769e-02  1.27454057e-01 -2.03961059e-01
  4.88937914e-01 -6.91399127e-02 -1.44274324e-01  1.97960168e-01
  7.95448720e-02  1.55258283e-01 -5.08276299e-02  2.13546574e-01
  2.92363286e-01  3.29605094e-03 -1.54370829e-01 -1.31837338e-01
 -6.29481971e-01 -4.66764599e-01 -3.16929865e+00  4.48738262e-02
  4.10455376e-01 -8.57569799e-02 -2.92182118e-02 -1.43928438e-01
  9.43464041e-03  1.11767814e-01  3.62171710e-01 -8.22465718e-02
 -3.14580560e-01 -4.63589504e-02 -2.08033890e-01  1.96868181e-02
 -3.66787650e-02 -4.89019126e-01  3.48657072e-01  2.99218625e-01
  7.83984810e-02 -3.54782522e-01  1.50721356e-01 -2.34291315e-01
 -5.04163563e-01  1.69789910e-01  5.88108838e-01 -1.75733596e-01
 -3.01386919e-02  2.29756117e-01 -2.40567163e-01  2.01714769e-01
  5.06561339e-01 -1.29817694e-01  2.13410959e-01 -5.37516214e-02
  1.12897396e-01  2.72381455e-01  1.56841412e-01 -2.64553070e-01
 -2.90014982e-01  4.54657942e-01  2.49028563e-01  3.75078976e-01
  3.36716712e-01 -1.61272347e-01  5.01420140e-01 -3.00471455e-01
 -1.38029233e-01  2.89243281e-01 -1.82142496e-01 -1.82429403e-01
  1.52249664e-01  3.56805861e-01  3.42397183e-01  4.19534415e-01
 -7.70102367e-02 -5.65530241e-01  1.56863123e-01  3.69288772e-01
 -4.33114886e-01 -4.61257964e-01  1.28036201e-01  3.20261627e-01
 -3.80109876e-01  3.88382268e+00  2.10421175e-01  1.99469551e-01
  4.00084853e-01  4.48090464e-01  1.06370844e-01 -2.54911155e-01
 -1.02554202e-01  2.19472960e-01 -3.69197905e-01 -8.83787498e-03
  3.23953092e-01 -5.56737781e-02 -1.04158595e-01 -2.76343703e-01
  2.93369651e-01  7.43767142e-01 -1.71608850e-01  1.94588691e-01
 -2.70801306e-01  5.56245521e-02 -1.05838649e-01  8.73371214e-03
 -6.29117154e-03 -1.30465174e+00 -2.53578704e-02 -5.68841100e-01
 -7.71597683e-01  1.05019428e-01 -3.51368397e-01 -1.82165012e-01
  2.20552266e-01 -1.56766057e-01  1.53271154e-01 -2.62802511e-01
 -8.36886689e-02  1.43554643e-01 -2.57922173e-01 -3.35404016e-02
  3.33772033e-01  6.56582952e-01  9.46722552e-02 -4.48282957e-01
  7.76626393e-02  1.61985442e-01 -1.05917342e-02  3.51798683e-01
  3.55298579e-01  1.67513452e-02  1.56202137e-01  2.55565196e-01
  9.01041031e-02  9.89254564e-02 -3.53741437e-01 -7.75007784e-01
 -2.56277919e-01  1.96848243e-01  2.53175534e-02  1.70848325e-01
 -7.96962321e-01 -2.29895227e-02  5.76096922e-02 -2.49766797e-01
  1.53899983e-01 -8.68609399e-02 -3.35334897e-01  1.04298722e-02
 -3.46296668e-01 -3.67892361e+00  5.38130142e-02 -1.00731999e-02
 -1.45569324e-01  2.60814667e-01  2.09467083e-01  2.93901935e-02
  2.65022904e-01  5.38152516e-01 -3.13138157e-01  2.73323417e-01
 -5.12614176e-02  1.05762571e-01  4.69732761e-01 -1.98508620e-01
  1.76761091e-01  1.99812502e-01 -5.97504556e-01 -7.97320127e-01
 -6.78417265e-01  3.42779607e-01 -2.77276244e-02 -7.59645224e-01
  2.43837595e-01 -4.66263145e-02 -1.60811812e-01 -5.82233891e-02
 -5.32939494e-01 -6.86269179e-02 -1.36487707e-01  2.34438211e-01
 -1.69176504e-01  1.48293465e-01  5.59442230e-02 -1.53889909e-01
 -3.09837651e+00  4.65975821e-01 -3.31527084e-01  6.44986257e-02
 -4.19200882e-02 -7.62852654e-02  3.80227625e-01 -3.25717181e-01
 -1.91455677e-01  1.80288985e-01  2.06190780e-01 -6.14306867e-01
  2.15791166e-01 -6.81807697e-02  4.53944236e-01  2.17398971e-01
  2.81504095e-01 -9.62987542e-06  3.88529897e-01  2.47074172e-01
 -2.49618530e-01  2.43181154e-01  8.98470953e-02  1.17434666e-01
  2.87290871e-01  1.81371987e-01 -7.86963880e-01 -2.49348581e-01
 -4.60804880e-01 -3.39545965e-01  8.53282660e-02  2.56166786e-01
  2.79411614e-01 -5.03577411e-01  3.06622591e-03 -1.14365533e-01
  1.71283543e-01 -6.58759326e-02  3.41888070e-01 -7.53463954e-02
  1.91067040e-01  7.03597963e-01  2.86757573e-02  1.18554324e-01
  8.14324915e-01 -2.30542719e-02 -8.24148022e-03  1.05783612e-01
  1.36077981e-02  4.35919344e-01  2.36123189e-01  2.96706110e-01
  1.10461247e+00  4.40117151e-01  1.19855165e-01 -7.82473266e-01
  3.31230938e-01  1.06507197e-01  3.04146737e-01  4.33824897e-01
  3.59662622e-01 -2.25592360e-01  2.69566715e-01 -1.08612403e-02
 -2.29505152e-02 -4.86888647e-01  5.04784048e-01 -2.93675721e-01
 -3.10830891e-01  1.06163353e-01 -8.30135122e-02  7.37141222e-02
 -2.93864131e-01 -1.28715253e+00 -2.30964378e-01  4.03987318e-02
 -4.74496365e-01  4.82762933e-01 -6.91011697e-02 -2.50589252e-01
 -4.95587550e-02  4.89850193e-02 -3.20534229e-01  2.82886922e-01
 -6.70602679e-01 -6.26462996e-01 -1.66365996e-01  3.12176347e-01
 -4.23129946e-01 -3.62701505e-01 -1.74446464e-01  7.35444054e-02
  5.43594420e-01 -9.39200744e-02 -1.70345530e-01  2.35655367e-01
  1.07401535e-01 -4.69326109e-01  4.04277742e-01 -6.13255464e-02
 -2.00336277e-02 -4.95992392e-01 -2.53924221e-01  4.23015416e-01
 -2.61828452e-01 -3.66028309e-01  2.12781787e-01  3.99093330e-01
  1.55009761e-01 -3.63447443e-02 -2.19751686e-01 -2.61275768e-01
 -8.46448988e-02 -6.10198900e-02  1.23995054e+00 -4.46531862e-01
 -1.22458324e-01  3.18564922e-01 -5.38355336e-02 -3.02339524e-01
  2.78036445e-01 -2.22556069e-01 -3.61571275e-02  2.27684140e-01
 -5.73491633e-01 -3.37466821e-02  6.82417750e-02  1.77782208e-01
 -1.79949507e-01  1.24135807e-01  3.32917981e-02 -2.47926876e-01
 -2.06874058e-01 -3.40662718e-01 -2.73963273e-01 -2.52106786e-01
 -4.34398234e-01 -1.53760016e-02  9.06169713e-02  2.02077329e-02
  1.77246511e-01  2.39192411e-01 -2.17240110e-01  6.39764369e-01
 -2.44988129e-01  6.62963808e-01 -1.59819514e-01 -2.65164487e-02
 -4.88694817e-01  1.54207796e-02  1.02578357e-01  2.76181757e-01
 -1.13039307e-01 -6.36222005e-01  3.77852499e-01 -2.33328819e-01
 -7.78634846e-02  6.78132653e-01  2.87761651e-02 -1.21307708e-01
  5.30267239e-01 -9.40936804e-03 -1.65236282e+00  6.01160765e-01
  9.78747979e-02  1.87283337e-01  1.84571713e-01  1.31444752e-01
 -2.34749734e-01  4.59084451e-01  1.00356035e-01  6.53326586e-02
 -2.78979361e-01 -1.74787268e-01 -2.38829941e-01 -1.12103119e-01
  3.10551941e-01  7.45217800e-02 -2.16675401e-02 -5.61187208e-01
  9.88629386e-02 -1.89679369e-01 -1.98299989e-01  7.17592120e-01
  4.23651487e-02 -3.36085916e-01  4.69825603e-02 -4.87057149e-01
 -2.37482607e-01  3.66532505e-01  1.24997310e-01  3.67926091e-01
 -1.91344276e-01 -5.62233388e-01 -7.50940323e-01 -5.45112371e-01
  3.09913844e-01  2.32892051e-01 -9.39315856e-02 -1.09564222e-01
  1.12506367e-01  4.99768198e-01 -7.29311764e-01  4.11681265e-01
  9.20192659e-01  1.36836797e-01  4.63546693e-01  3.96936238e-01
  6.56748712e-02  3.30507398e-01 -1.07720874e-01 -3.02599043e-01
  6.42764270e-02 -5.02391756e-01 -2.40591094e-01 -1.92512393e-01
 -9.49648321e-02 -2.09368855e-01 -1.88975662e-01  2.33704075e-01
 -2.89519131e-01  1.60374507e-01  5.95268130e-01 -8.13180149e-01
 -2.58439898e-01  4.15890306e-01 -2.39707112e-01 -8.82888973e-01
 -8.99362490e-02 -4.13026989e-01 -3.17165524e-01  6.67827606e-01
  3.99958313e-01 -1.76952630e-02 -5.41270018e-01  3.01355481e-01
 -2.42920101e-01  3.19275469e-01  3.58339190e-01  1.31379329e-02
  4.64363188e-01 -2.33860865e-01 -2.11974934e-01 -2.46735811e-01
  4.06273574e-01  4.11019385e-01  1.70903176e-01  1.68998003e-01
 -5.39663732e-01  1.48213252e-01 -2.55737305e-01  4.51498330e-02
 -3.52105051e-01 -5.18348813e-02  2.11053431e-01 -2.58089095e-01
  4.30802643e-01 -4.20380309e-02  1.74394995e-01  2.69216329e-01
  1.41229048e-01 -4.71010685e-01 -9.64686275e-02  3.25532913e-01
  5.66728234e-01  1.43033460e-01  4.38655972e-01  3.08182240e-01
  4.68822956e-01 -1.01644710e-01 -4.67520356e-01 -1.60511956e-02
  1.90513432e-01  6.49202242e-02 -1.59067243e-01 -8.70566368e-02
  3.24688852e-01 -4.28832769e-01 -1.58377483e-01 -4.52803403e-01
  2.27080631e+00  3.03917319e-01  9.56067070e-02 -2.29364708e-01
  3.13241512e-01 -4.44815904e-02 -3.08871448e-01  1.50594994e-01
 -5.97078562e-01  3.62631977e-01 -1.07875587e-02  7.80832395e-02
  2.51058877e-01  1.48402289e-01  4.47908521e-01 -6.93717748e-02
  3.79201062e-02 -2.48784021e-01 -7.41141856e-01 -9.71846879e-02
 -2.05195636e-01  1.20606124e-01 -1.01490453e-01 -1.74696207e-01
 -2.32444972e-01  1.46006346e-01 -7.11656734e-02 -5.16740233e-02
  2.35193908e-01  3.19564760e-01 -3.30050103e-02  1.72000498e-01
 -1.97247371e-01  6.97453260e-01 -5.31084776e-01  5.46575069e-01
 -1.74608395e-01  1.23516858e-01 -4.27826121e-02  3.22617352e-01
 -1.03241473e-01 -4.05060709e-01  4.48915482e-01 -1.74844787e-01
  1.80673361e-01  6.86112642e-01 -1.10999063e-01 -2.02639587e-02
  4.60350573e-01  3.08119863e-01 -3.59500557e-01 -3.55929404e-01
 -4.24153477e-01  8.22925866e-02 -2.03079045e-01 -5.16985834e-01
 -3.15764904e-01 -1.49454176e-01 -2.33614832e-01  3.00094664e-01
 -6.82036504e-02  1.91491529e-01  1.90514013e-01  1.81368157e-01
  3.76663506e-01 -3.33952039e-01 -2.15150148e-01 -4.37319875e-02
  2.36884311e-01 -5.60648680e-01  2.34966390e-02  5.79856694e-01
  2.54824519e-01  3.05754334e-01  6.25707924e-01  6.58876225e-02
  3.12914908e-01 -4.21463966e-01 -3.53609174e-01 -2.52350879e+00
  3.03514481e-01  7.66263902e-02 -3.12433720e-01 -1.08775668e-01
  2.55780756e-01  1.70409054e-01 -2.28911653e-01 -1.61166251e-01
 -2.32948020e-01  4.78234977e-01  8.35774899e-01  6.22744560e-01
  2.27950573e-01 -1.65970191e-01  2.50524104e-01  1.73589587e-01
 -4.45719242e-01  2.32600063e-01  7.43567273e-02  1.38937309e-02
  1.03911787e-01 -1.78260714e-01 -3.91514689e-01 -2.96897918e-01
  2.33069286e-01 -6.78812191e-02 -3.42304349e-01  1.58068277e-02
  5.11353984e-02 -3.78499404e-02  4.84634370e-01 -3.10245566e-02
 -2.18176439e-01  1.66218355e-02 -9.40196663e-02 -3.56945783e-01
  5.63534796e-02 -3.80868614e-02  6.06797189e-02  1.41179651e-01
  7.29976416e-01 -1.95973486e-01  1.61454186e-01 -3.46477896e-01
 -9.96632650e-02  3.09204251e-01 -1.97639599e-01  1.38735846e-01
 -2.30235398e-01  1.25108421e-01 -9.98404473e-02 -5.43218702e-02
  4.61319059e-01  2.24201381e-01  2.79495656e-01  2.18532845e-01
  3.90678704e-01  9.35412943e-02 -1.71967208e-01 -4.40961570e-01
  1.50041103e-01 -2.02969447e-01  1.06857590e-01  3.87786329e-01
 -1.47274369e-02  6.68573752e-03  4.73903939e-02  1.12411231e-01
 -7.81257391e-01 -3.34116071e-01  1.98878441e-02  2.62079358e-01
  2.74639636e-01  1.85031116e-01  1.55140981e-02  1.00344703e-01
  4.17698324e-01  2.04778984e-01 -1.37744531e-01  2.84427404e-01
  6.82299882e-02 -1.58425674e-01  8.43768716e-02 -2.59445831e-02
 -7.03054667e+00  9.93935764e-03 -5.70298016e-01 -2.61102855e-01
  8.55673626e-02  6.03272915e-02 -1.10535204e-01 -3.66103470e-01
 -1.87906399e-01 -1.80316716e-01  2.12547965e-02  2.84604698e-01
 -1.44195110e-01 -1.85718805e-01  4.01612580e-01  3.07972550e-01]"
And in 2010, it was bought by the Leyva family.;And in 2010, it was bought by the Leyva family.;[('And', 'CONJ'), ('in', 'ADP'), ('2010', 'NUM'), (',', '.'), ('it', 'PRON'), ('was', 'VERB'), ('bought', 'VERB'), ('by', 'ADP'), ('the', 'DET'), ('Leyva', 'NOUN'), ('family', 'NOUN'), ('.', '.')];0.0;[0. 0. 0. ... 0. 0. 0.];"[ 5.20222969e-02  1.73260365e-02  7.47070312e-02  5.36905937e-02
 -2.84525547e-02 -1.04268394e-01  2.58382154e-03 -1.03597008e-01
  5.51757812e-02  9.67814103e-02 -3.18908691e-02 -1.65568039e-01
 -3.14636230e-02 -3.06803379e-02 -6.23795204e-02 -1.18815107e-02
  9.98942088e-03  1.09497070e-01 -3.76383476e-02  2.75268555e-02
 -2.38037109e-02  9.82259139e-02  1.64794922e-03 -2.81092320e-02
  1.30096436e-01  3.53393555e-02 -7.70238265e-02  9.26920548e-02
 -1.82342529e-03  5.41178398e-02  1.02945967e-02 -2.00398769e-02
 -1.11592613e-01  7.00531006e-02  1.00301109e-01  2.29441319e-02
 -4.47489433e-02 -4.77447510e-02  4.45963554e-02  6.74304962e-02
  7.95898438e-02  1.73746739e-02  6.09537773e-02 -4.98784371e-02
  5.82885742e-03  2.71224976e-02 -9.17561818e-03  2.65096035e-02
  4.98250313e-02  5.50492592e-02  6.22049980e-02 -1.25071211e-02
  6.98445663e-02 -7.20214844e-02  2.01416016e-03  6.95075989e-02
  1.90963745e-02  1.42415368e-03  7.47680664e-04 -6.46896362e-02
 -5.28666191e-02  1.16923012e-01 -5.51350899e-02 -5.35481758e-02
 -5.56233712e-02 -2.14640293e-02 -2.31844578e-02  3.03243008e-02
  1.40635176e-02  1.12141930e-01  1.03149414e-01 -2.84220371e-02
  7.53784180e-02  6.16861992e-02 -4.84720878e-02  5.83903007e-02
  1.20849609e-01  9.26310197e-02 -2.03450527e-05  1.15600586e-01
  8.24343339e-02 -1.12614952e-01  9.49300155e-02  3.43780518e-02
 -3.46272774e-02 -4.20735665e-02 -2.77506504e-02  1.62679031e-01
 -2.27050781e-02  1.45467126e-03  1.78782141e-03  7.02718124e-02
 -5.99161768e-03 -9.16341171e-02 -9.35872376e-04 -2.02229824e-02
 -7.28505477e-02  2.25779209e-02 -1.93735752e-02  1.54774981e-02
  4.59108353e-02 -7.13297501e-02 -6.85831681e-02  7.50885010e-02
 -2.40376797e-02  1.74967442e-02 -4.38842773e-02 -6.35782862e-03
 -3.90116386e-02 -9.48893204e-02  3.09244799e-03  5.18239327e-02
 -5.77795506e-02 -1.91574097e-02  1.89208984e-02  1.59072876e-02
  4.40979004e-02  2.42411289e-02  1.48274735e-01  8.39029923e-02
 -3.57716866e-02  3.24707031e-02 -1.38997391e-01  1.72271729e-02
 -7.88574219e-02  5.55419922e-03  8.04443359e-02 -8.32112655e-02
  1.00158691e-01  2.28678379e-02 -4.18624878e-02  5.10406494e-03
 -1.02867126e-01 -2.87272129e-02 -1.34020643e-02 -8.89078807e-03
 -1.29343672e-02 -2.59806309e-02 -1.25122070e-01  6.66020736e-02
  5.62845878e-02 -3.91133614e-02  6.14929199e-02 -5.32226562e-02
 -1.34379072e-02  2.73437500e-02 -6.33951798e-02 -8.92009735e-02
 -4.80295829e-02  3.54309082e-02  4.87213135e-02  4.16107178e-02
 -3.81215401e-02  1.14624023e-01 -1.09049482e-02  2.40783691e-02
 -8.84195939e-02 -9.17460099e-02 -1.31022139e-02 -1.64286292e-03
 -1.20239258e-02  2.34883633e-02  3.76230888e-02  7.17366561e-02
 -5.66151924e-02 -1.31327314e-02  4.80957031e-02 -5.67677803e-02
  3.92964669e-02 -2.70894375e-02 -1.34358719e-01 -6.53101578e-02
 -4.79532890e-02 -1.41194656e-01 -9.13619995e-02 -1.84122715e-02
  7.49104843e-02 -2.26236973e-02  9.91617814e-02  1.05972290e-02
 -1.80460606e-02 -2.38011684e-02 -9.79614258e-02  2.78930664e-02
  2.73030605e-02 -5.78409843e-02 -6.10224390e-03  7.82063827e-02
  4.99674492e-02  4.23990898e-02  1.06404619e-02  2.21252441e-02
  3.71907540e-02  6.77693710e-02 -5.84284477e-02  3.72111015e-02
  6.58671046e-03  2.63417568e-02  1.75170898e-02 -1.25122070e-01
  5.23376465e-02  1.75374355e-02 -3.80554199e-02  3.09346523e-02
 -3.35693359e-02  3.53190117e-02  3.35693359e-03  4.74039726e-02
  8.11208114e-02 -6.77897111e-02  7.60014867e-03  1.12101240e-02
  4.41233329e-02  9.80377197e-02 -6.94478378e-02  4.77371216e-02
  1.09700523e-01 -4.56542969e-02 -9.22851562e-02  2.35188808e-02
 -2.62858067e-02  4.36147042e-02  1.90226231e-02 -6.68334961e-02
  4.65087891e-02 -7.85319041e-03  6.61214173e-04  7.38932267e-02
  1.90226231e-02 -1.44551592e-02  5.96084595e-02 -8.26416016e-02
  6.99056014e-02 -2.20540371e-02  2.45882664e-02 -2.98563633e-02
  3.03344727e-02 -3.78367119e-02  5.48909493e-02 -2.77201342e-03
 -1.12864180e-02 -6.46158829e-02  2.85237636e-02 -5.27140312e-02
  4.13411446e-02  3.31827812e-02  1.34419754e-01  2.68758144e-02
  3.12477741e-02 -1.91243493e-03  3.71704102e-02 -5.88887520e-02
  5.04557304e-02  3.49833183e-02  5.13305664e-02  6.38834620e-03
  4.37215157e-02  4.00797538e-02 -1.73746739e-02 -2.99173985e-02
  2.57110596e-02 -1.88395176e-02  4.27958183e-02  5.85327148e-02
  4.40572090e-02  1.40787765e-01 -4.31823730e-03 -3.90625000e-02
  4.69563790e-02  4.09952812e-02  1.00260414e-01  5.02726249e-02
  9.33227539e-02  3.91031913e-02  6.94376603e-02 -5.33040352e-02
 -6.22355156e-02 -9.58328247e-02 -5.34261055e-02 -5.41381836e-02
  1.36362715e-02  4.36935425e-02 -1.17390947e-02  2.21761074e-02
  7.02540055e-02 -2.90298462e-03 -6.95800781e-02  1.26749678e-02
 -1.73950195e-02  5.41178370e-03 -1.20707192e-01 -1.77001953e-03
 -1.23667397e-01  9.98026505e-02  1.95515957e-02  3.19315605e-02
 -2.80151367e-02 -4.11987305e-02  7.77689591e-02 -8.64257812e-02]";"[-2.97162626e-02  2.26781875e-01  2.88266428e-02  2.37164840e-01
 -2.22106911e-02 -6.01853356e-02  1.24157980e-01  8.65624398e-02
  6.78242818e-02 -8.30294862e-02  9.14103016e-02 -5.11273108e-02
 -3.80547643e-02  6.84136152e-02 -9.77781788e-02 -4.78480719e-02
 -1.58061776e-02  1.54019957e-02 -4.79762964e-02 -9.47633833e-02
  5.43975830e-03 -1.05210142e-02 -1.58631191e-01  3.14736255e-02
  1.26609430e-01  8.86782724e-03 -1.27901033e-01  1.49799824e-01
 -4.62951586e-02  9.75629129e-03  7.40081891e-02 -1.91588402e-02
  5.38268387e-02 -5.40271476e-02 -4.57600169e-02 -8.01728144e-02
 -2.75354125e-02 -1.17669344e-01 -1.29367724e-01 -1.09262273e-01
 -1.34934247e-01  1.07280479e-03  5.67474961e-03 -6.75982013e-02
  2.30544418e-01  6.73402920e-02  9.72161815e-02 -4.17423993e-03
  6.21901453e-02 -5.87165616e-02  2.61538178e-02  3.36890034e-02
  1.88450702e-02 -3.62077765e-02  7.70017086e-03 -6.48571029e-02
  7.42367953e-02 -3.21464241e-03  5.45735769e-02 -1.66902095e-01
  1.69471819e-02 -7.72112980e-02 -6.87422752e-02  1.06668249e-02
  1.28859311e-01  6.21755905e-02 -1.27152622e-01 -5.65460548e-02
  2.09601969e-02  5.66912182e-02  4.55868468e-02  1.05125450e-01
  6.40649199e-02 -7.03026801e-02  7.03175738e-02 -1.73009321e-01
 -9.45285410e-02 -4.21644859e-02 -1.12398550e-01  3.55810039e-02
 -8.68352205e-02  1.98923592e-02 -4.12181355e-02 -2.99192071e-02
  7.97273740e-02 -1.16159476e-01 -6.77382275e-02  4.25115861e-02
 -1.43705085e-02  1.85440689e-01  6.62352294e-02  3.89198363e-02
  3.17544816e-03 -5.30190952e-02  5.89414164e-02 -5.81518412e-02
  1.22772440e-01 -5.38943044e-04  3.39967869e-02  1.41640335e-01
 -8.50117728e-02 -3.41866463e-02 -3.24131027e-02 -1.32558597e-02
  9.85650048e-02 -1.81050539e-01  6.43919036e-02  1.25352174e-01
 -4.78201024e-02  8.31061974e-02 -3.93423773e-02 -8.76596496e-02
 -1.23946015e-02  2.41573690e-03  8.19209442e-02  1.16280094e-02
  7.68192951e-03 -9.00486186e-02  1.12447634e-01 -1.30379498e-02
  1.76715687e-01  1.65923908e-01  2.01292597e-02  3.46538087e-04
 -8.63678977e-02  5.99752851e-02  8.56841728e-02 -7.72282705e-02
 -3.15180682e-02  1.33372754e-01  1.27846166e-01 -4.58303355e-02
 -9.37660262e-02 -1.49076089e-01 -3.40810232e-02  1.14875592e-01
 -7.06063062e-02 -1.03372253e-01  6.08766079e-02  3.69476974e-02
  1.14162907e-01 -1.17205434e-01 -1.02360323e-01  9.80823264e-02
  2.59791072e-02  3.82031463e-02 -9.71286669e-02 -2.50301026e-02
  6.35886267e-02  1.48499440e-02 -1.97695896e-01 -1.88976780e-01
 -5.19059971e-02  6.56157508e-02 -2.65539736e-02  8.05727392e-02
 -1.55749246e-01 -4.93781529e-02  7.97004532e-03  8.07060003e-02
  1.20402597e-01  8.27635527e-02 -1.44578680e-01  6.83462573e-03
  8.78135115e-03  8.91076475e-02 -5.88766709e-02 -1.32241234e-01
 -4.43136133e-02  2.77230497e-02  3.00810933e-02  1.15241095e-01
  1.76878452e-01 -8.83495286e-02 -5.79710118e-02  1.50424466e-01
 -2.28175536e-01  1.90357026e-02 -8.45513493e-02  2.47174948e-02
 -1.07622240e-02  8.55037495e-02 -2.45782867e-01  3.17832059e-03
  1.45474914e-02  1.38702065e-01  1.42534643e-01  1.60037167e-02
  5.35472631e-02 -1.42587006e-01 -1.70686562e-02 -2.94020642e-02
 -4.76037487e-02  7.71629363e-02  1.27218410e-01 -4.21503745e-02
 -7.78723881e-02 -2.56929785e-01 -7.29804439e-03  1.22303724e-01
  3.66026685e-02 -3.80687155e-02  5.17345965e-02 -1.03072800e-01
  6.44026175e-02  1.15179315e-01  7.86491856e-02  7.63161033e-02
  1.06268324e-01 -1.94127969e-02 -9.02466774e-02  2.56549455e-02
  3.27397324e-02 -1.31321186e-02 -4.32556681e-02 -1.54333621e-01
  2.31037643e-02 -1.10992476e-01 -7.67916068e-02  7.80775677e-03
  7.51856342e-02 -2.42174901e-02  1.48238942e-01 -1.46588430e-01
 -8.53861049e-02 -9.00968760e-02  2.31625251e-02  3.28836627e-02
 -1.48317823e-02  2.16695294e-01  3.54561061e-02 -8.97438382e-04
  9.28021688e-03  1.27372950e-01 -8.58037919e-03  1.50572851e-01
 -1.17143221e-01 -2.18042769e-02 -4.24051611e-03 -3.00477505e-01
 -1.03685148e-01 -1.46328598e-01 -4.12910469e-02 -3.23492661e-03
  1.84099544e-02  2.95939650e-02 -6.81625083e-02 -4.01834846e-02
  3.48937996e-02 -5.03490344e-02  1.28629711e-02  1.09060807e-02
  6.11676909e-02  5.25924191e-02 -1.29113272e-01  6.71404973e-02
  7.53100663e-02 -1.78923027e-03 -3.43695991e-02 -1.33820549e-01
  8.66661593e-02  2.00262144e-01 -1.44442469e-02 -1.96460094e-02
 -1.95135325e-01 -1.47213563e-01 -3.00774574e-02  4.61311378e-02
 -4.03437614e-02 -7.18803629e-02  2.61511207e-02  8.45387205e-02
  7.33632892e-02 -4.24190685e-02  2.09037382e-02 -2.30501383e-03
  1.03194313e-02  6.95677772e-02 -1.20806620e-01 -1.37854069e-02
  1.48573771e-01  1.00182094e-01  1.19368155e-02  6.85101524e-02
  3.03895138e-02  8.13273437e-05 -1.48297042e-01  2.52328310e-02
 -1.20024309e-01  1.57825232e-01 -9.75970179e-02  7.01806992e-02
  5.25988936e-02  1.01872943e-01 -1.90481264e-02  6.05068728e-02
  1.89569723e-02 -6.21414259e-02  1.00096380e-02  6.09719865e-02]";"[-2.13371158e-01  6.33242726e-02  1.68479249e-01 -5.41581094e-01
 -1.09308079e-01  2.24479377e-01  2.09165841e-01  3.17914605e-01
 -2.40815341e-01 -1.36539526e-02  2.97710747e-02 -9.02326107e-02
  8.76916945e-02  1.00227332e+00 -1.08652815e-01  2.61241317e-01
 -3.77157003e-01  1.86352998e-01 -7.20362514e-02 -2.41990909e-01
 -1.98051691e-01 -3.23258013e-01  2.03005239e-01  2.62833685e-01
 -1.03650339e-01 -6.14435375e-02 -1.13964602e-01 -2.35576183e-04
  1.05091937e-01  4.37080443e-01  4.71616052e-02 -1.80718258e-01
 -3.79574984e-01 -2.21458286e-01  3.08682829e-01  1.25511229e-01
  9.28214863e-02  1.75747171e-01 -9.81787667e-02  4.15323317e-01
  1.89413041e-01 -1.77946642e-01 -1.63767114e-01  3.12378675e-01
  5.04637063e-02  2.63329595e-02 -2.49666500e+00 -1.84780303e-02
 -1.66970372e-01  4.75522652e-02  2.74991393e-01 -3.90208274e-01
  1.75957605e-01  3.30924094e-01  2.58943558e-01 -1.05737157e-01
 -5.60708404e-01  5.47336638e-01  3.22905511e-01  2.54142702e-01
  2.81313807e-02 -2.69548520e-02  8.68561566e-02  1.88389421e-01
 -1.20165266e-01 -3.35547715e-01 -1.21717602e-01 -1.64539784e-01
 -2.34686732e-01  8.08452845e-01 -1.22566119e-01 -3.03314507e-01
  4.22872871e-01 -4.62153256e-01  1.29453391e-01 -4.72855330e-01
 -2.19690159e-01  6.62323654e-01 -1.14689007e-01  5.17764628e-01
  5.12578011e-01  4.32039529e-01  2.80916274e-01  7.17976317e-03
 -5.21920547e-02  3.56066048e-01 -2.73064017e-01  2.76682954e-02
 -6.03999645e-02 -1.04927458e-03 -2.48176277e-01 -3.56293470e-03
  4.09018807e-02  1.43913701e-01 -8.60379934e-02 -5.32393381e-02
  2.79161304e-01  1.22234106e-01  2.49125496e-01  5.04537702e-01
  5.09846866e-01  3.35051119e-01 -4.14351583e-01 -6.65169358e-01
 -4.40277979e-02  1.25952318e-01 -2.60991156e-01 -1.77789018e-01
 -3.73202413e-02 -2.56806111e+00 -3.84958088e-02  1.97928146e-01
 -3.94372605e-02 -2.34203741e-01 -1.95847720e-01  3.94975170e-02
  2.99949914e-01  5.47586419e-02  1.73466384e-01 -1.16872089e-02
  5.41258216e-01  4.33036387e-01 -3.86557132e-01 -6.39142632e-01
  8.43497589e-02  3.39193940e-01  4.88623470e-01  1.63229212e-01
  3.01632971e-01  7.94677436e-03  2.64247000e-01  8.79696757e-02
 -3.32788050e-01 -9.61979330e-02  2.74736404e-01  1.76551610e-01
  3.61365616e-01 -3.67812365e-02 -3.03857774e-01 -1.21251009e-01
 -7.39152491e-01 -1.45822968e-02 -3.13682222e+00  2.54891217e-01
  7.83119440e-01  2.64981121e-01  2.59443909e-01  5.35010621e-02
  1.97317988e-01 -2.51127362e-01  1.04791149e-01 -1.44082174e-01
 -2.73993313e-01  3.76193151e-02 -6.20929003e-01 -6.77112266e-02
  1.75790757e-01 -1.45407319e-01  1.44640326e-01  3.68990511e-01
  5.24065733e-01 -9.66267809e-02  2.05778882e-01 -4.59373742e-03
  3.28877494e-02  3.81653011e-01  5.01988232e-01  6.64246082e-01
 -3.97327952e-02 -4.28887784e-01 -5.98586857e-01 -3.87256294e-01
 -1.10732570e-01 -2.12612838e-01 -5.96421957e-03  7.05521554e-03
  1.23422965e-02 -1.59688786e-01  1.14262983e-01 -1.91463470e-01
 -3.33485067e-01  3.83585870e-01  4.84726280e-02  5.26274323e-01
 -1.53133288e-01 -6.85411990e-02  4.67888445e-01  1.30304232e-01
 -2.89191663e-01  4.01595421e-02 -2.18748972e-01  3.73315290e-02
  1.34805953e-02 -8.55334625e-02  2.56965518e-01  1.31612167e-01
  1.58677548e-01 -1.81692541e-01 -8.39498937e-02  3.52737486e-01
 -4.74010885e-01  1.54124945e-01 -3.16803157e-01 -3.71684492e-01
  3.32299441e-01  3.50143552e+00  4.93988872e-01 -8.52240399e-02
  7.34329522e-02  8.52551013e-02 -3.51104587e-01 -3.22456695e-02
  1.79009497e-01  4.20968831e-02  5.12325585e-01 -4.41804260e-01
  9.37830359e-02 -5.92286810e-02  1.26997858e-01 -7.80973211e-02
  1.74086466e-01  2.66692519e-01 -5.56422956e-03  3.10429901e-01
 -6.30629718e-01  4.91989374e-01  2.97673017e-01  1.09270841e-01
  5.09462021e-02 -1.65381408e+00 -1.79610312e-01  4.15331244e-01
 -5.04195869e-01  1.44940197e-01 -1.16552174e-01 -6.21819273e-02
 -1.07699409e-01  8.52146298e-02 -6.69414997e-02  3.88355821e-01
  3.49120080e-01 -6.73181638e-02  2.25335598e-01  1.74548313e-01
  4.02169466e-01  8.38503361e-01  1.57966286e-01  2.82757342e-01
 -1.92277282e-01 -2.68562973e-01  4.21485722e-01 -1.09209463e-01
 -1.79401651e-01  1.41277552e-01 -6.66948110e-02 -2.41190016e-01
  1.07635185e-01  1.26621634e-01 -2.13199779e-01  1.25492916e-01
 -5.39332807e-01  1.34775266e-02  6.10731505e-02  1.35619655e-01
 -1.55658379e-01 -2.04613149e-01  2.81337619e-01 -8.79052758e-01
 -1.37952521e-01 -3.33779603e-01  3.61482054e-03 -8.25988501e-03
  4.65129390e-02 -3.29953122e+00 -1.08843401e-01 -9.43888724e-03
  9.10840183e-03  2.78685261e-02 -3.79374266e-01  1.69898897e-01
 -1.18331105e-01  3.94967198e-02 -2.98794955e-01  2.35448360e-01
  8.28910619e-03  1.77144885e-01  1.04077972e-01 -2.34355196e-01
  2.24021733e-01  8.35401297e-01  1.12993434e-01 -5.38047910e-01
 -3.38248849e-01  2.31544375e-01 -3.07489872e-01 -6.21626079e-01
 -1.38062954e-01 -3.60976160e-01  3.40162933e-01 -8.10600165e-03
 -4.58005369e-01  1.98972195e-01  1.47919729e-02  1.55572832e-01
 -8.60639960e-02  2.22660244e-01 -5.99647909e-02 -3.27082127e-01
 -3.91454887e+00  2.37126172e-01 -1.55086040e-01  1.56951025e-01
  3.55170906e-01 -2.63130724e-01  1.60346195e-01  1.40229419e-01
 -2.63343751e-01  2.55441904e-01  1.53230876e-01  2.95632519e-02
  1.24376588e-01  6.50400400e-01  1.33443534e-01  4.79592383e-01
  2.82400697e-01  2.11997256e-01  3.80712360e-01 -1.11127615e-01
  1.19189724e-01 -1.14129581e-01 -5.07667847e-02 -1.25188813e-01
  1.28156886e-01 -7.65810162e-03 -2.93050289e-01 -1.09210186e-01
 -4.80976224e-01 -1.14931330e-01 -2.09501103e-01 -1.45056337e-01
  2.86814362e-01 -8.08950514e-02 -5.39677322e-01 -3.10655415e-01
  1.19584084e-01  1.37274608e-01  1.25137731e-01 -3.82224843e-02
  1.27066910e-01  9.01481092e-01  1.09596923e-02  3.26376200e-01
  3.52217317e-01  1.84176788e-01 -2.24869356e-01 -3.40098031e-02
  1.48407444e-01  2.51343310e-01  3.10447291e-02 -8.25956836e-02
  1.24492347e+00 -2.81565398e-01  2.77925074e-01 -3.20725650e-01
  4.46117163e-01 -6.27459288e-01  4.10447687e-01  9.14111257e-01
  3.89641523e-01  1.12542495e-01  2.59784698e-01 -4.12585855e-01
  4.13696945e-01 -3.69665593e-01  6.84483469e-01 -6.51147008e-01
  2.40485400e-01  3.11348915e-01  8.24458376e-02  1.18652135e-01
  1.08882636e-02 -1.16767931e+00 -3.23739082e-01 -9.79680121e-02
  3.90708447e-01  1.84215516e-01 -1.16285622e-01  2.57356852e-01
 -1.26461387e-01  8.91512781e-02 -3.84481698e-02  1.95853114e-01
 -2.88370490e-01 -1.49903297e-01 -3.70775647e-02  1.59132004e-01
 -3.29781026e-01 -7.82709047e-02 -1.06590621e-01  1.54974699e-01
  5.16165048e-02 -8.66795778e-02 -6.20376050e-01  5.58660984e-01
 -1.29803047e-01 -5.81522048e-01 -3.56776059e-01 -4.27185968e-02
  1.11928336e-01 -3.59629780e-01 -3.52090783e-02  4.41849887e-01
 -8.69796947e-02 -1.25259697e-01  1.55251145e-01  1.05296284e-01
 -1.46288052e-01  3.09121788e-01 -3.18795964e-02  4.15397882e-02
  1.88834444e-01 -3.23060870e-01  9.65604067e-01 -8.34317729e-02
  1.57857299e-01  3.01968515e-01 -1.49300292e-01 -1.56999841e-01
  5.72251439e-01 -3.44027877e-01  9.26255137e-02 -3.86662394e-01
 -5.62479556e-01  8.74531455e-03 -6.88906107e-03  2.69457459e-01
 -3.78298640e-01 -3.78042281e-01 -2.73891479e-01 -3.40835005e-01
  2.91435003e-01 -4.93924558e-01  1.93137959e-01 -1.36431023e-01
 -2.22197667e-01 -2.72492319e-02  7.31637418e-01 -2.13986084e-01
  3.85296345e-01  2.26041563e-02 -3.07396024e-01  2.71928102e-01
 -2.61274338e-01  1.46456242e-01 -2.72456445e-02  2.49887377e-01
 -2.65545905e-01  3.76435041e-01 -1.02763027e-02  9.27113891e-02
 -1.66715205e-01  6.86035529e-02 -1.48849383e-01 -2.95046329e-01
 -1.29244819e-01  1.44467115e-01 -1.69517323e-02  4.22602832e-01
 -1.21787332e-01  3.52210253e-01 -1.63059616e+00  4.30338383e-01
  4.74926919e-01  2.47604083e-02 -1.87836103e-02 -8.73100907e-02
 -1.17824212e-01  6.54409170e-01  9.69324112e-02 -7.62715712e-02
 -3.12302172e-01 -3.20207924e-01  1.94647744e-01 -1.79219618e-01
  2.66178012e-01 -6.70413524e-02 -3.48778591e-02 -1.21624440e-01
  4.56158221e-01  5.16437948e-01 -1.76384076e-01  6.15746677e-01
  2.18103692e-01 -9.44722369e-02 -2.56788414e-02 -3.37065428e-01
 -1.20999150e-01  6.54622018e-02  5.47084451e-01  4.58353281e-01
  2.48964056e-01 -1.21104874e-01 -4.12086129e-01 -2.74717480e-01
  1.44847080e-01  3.36314380e-01  4.10086736e-02 -6.69373050e-02
  3.20362002e-01  5.63968956e-01 -3.19802999e-01  4.05453026e-01
  1.77757084e-01 -3.56558114e-01  7.34172940e-01  1.89543858e-01
 -2.45968685e-01  1.12458386e-01 -5.29890098e-02 -4.88492280e-01
 -1.42249510e-01 -1.01068534e-01 -2.91377157e-01 -3.20453018e-01
  3.55881959e-01 -1.88752696e-01 -4.47722226e-01  9.18217152e-02
 -3.57672453e-01 -3.45342070e-01 -2.38842189e-01 -2.93047279e-01
 -4.86980140e-01  9.11164224e-01 -5.74898049e-02 -1.00972629e+00
  3.61296743e-01 -3.96149755e-01  1.63134173e-01  3.70180786e-01
  4.82819170e-01  2.87797377e-02 -5.47571421e-01  3.03365767e-01
 -2.31278956e-01  4.01550606e-02 -1.03017941e-01  2.69811302e-01
  3.37218523e-01 -5.83241701e-01 -7.01979995e-02 -4.29304540e-01
  3.37150544e-01  3.84905756e-01  1.16399042e-01  5.10457456e-02
  5.79358712e-02  1.51942328e-01 -1.50422215e-01 -5.73311038e-02
  1.25296310e-01 -3.08283865e-01  2.85085022e-01 -2.51693457e-01
  4.71744686e-01 -1.82793856e-01  6.36265874e-02 -1.32814735e-01
 -1.48065358e-01  3.57698649e-03 -2.45561540e-01  2.99412906e-01
  2.68934131e-01  2.60600299e-01  1.76169291e-01 -3.25591505e-01
  5.59978187e-01  2.08623543e-01 -3.54565009e-02 -2.06480116e-01
  4.76111360e-02 -7.24768192e-02 -2.15975285e-01 -1.36677086e-01
  1.58727139e-01 -2.83431739e-01  2.51025528e-01 -6.46292940e-02
  1.82858241e+00  4.46014643e-01  4.85620722e-02 -9.36038047e-02
 -6.35653734e-03 -3.29705805e-01  1.11468621e-01  5.70438981e-01
 -3.36060137e-01  5.41920483e-01 -9.83368531e-02  1.35731041e-01
  1.52251139e-01  3.13104153e-01  5.38166046e-01  3.21234167e-01
 -2.46814057e-01 -7.20902920e-01 -2.91062593e-01  6.67026788e-02
 -2.54894793e-01  5.45964062e-01  8.99976343e-02 -4.32907566e-02
 -2.99519360e-01  3.40938896e-01  3.26879710e-01 -2.47974485e-01
  1.72793120e-01 -1.73098579e-01 -1.10721231e-01  7.17931762e-02
 -1.30761549e-01 -6.23781607e-02 -1.92226246e-02  2.29110315e-01
 -2.88255692e-01 -1.51412606e-01  8.56088847e-03 -1.11313567e-01
  3.63287747e-01 -4.56504941e-01 -1.12694785e-01 -1.29425585e-01
 -3.46928298e-01  6.02761865e-01 -1.63268670e-01 -2.69601285e-01
  3.44679534e-01  1.29981965e-01 -1.61173455e-02  2.19225734e-02
 -9.71894115e-02 -4.77393642e-02 -3.78655195e-01 -3.43173027e-01
 -2.35443339e-01 -4.59256083e-01 -2.18372792e-03  1.42405719e-01
  8.86955187e-02  2.60816634e-01 -1.08058095e-01  3.90324779e-02
  9.67543274e-02 -2.78046541e-02 -3.12820941e-01  8.46722722e-02
  1.61017343e-01 -3.85559142e-01 -1.29944444e-01  2.75424689e-01
  3.35121393e-01  5.25448084e-01  1.14860684e-01  3.60715091e-02
  6.96508288e-02 -1.08351432e-01 -1.96162164e-01 -2.08214211e+00
  3.48966241e-01  1.79919496e-01  3.05875149e-02  3.80747020e-01
 -1.48945928e-01  2.88623422e-01 -4.46172714e-01  2.88600862e-01
 -6.80704638e-02  3.80576044e-01  4.72515225e-01  2.70597041e-01
  2.19554067e-01  1.35805666e-01  4.76984717e-02  1.97407052e-01
  2.41946146e-01  5.80760777e-01 -1.04280161e-02 -1.45401418e-01
  2.71260560e-01  3.84596363e-02 -4.94684070e-01 -3.40628594e-01
  6.27829432e-02 -5.65856457e-01 -3.89323570e-02 -1.75335675e-01
  4.88749444e-01 -2.06757158e-01  3.25172186e-01 -5.09649277e-01
  1.83454901e-01  1.28888741e-01 -3.76841992e-01 -4.23733555e-02
  4.47240472e-02  1.41579378e-03 -5.94751686e-02 -4.00472879e-01
  3.89243573e-01  8.10312480e-03  8.06489065e-02  3.35729122e-03
 -1.02885641e-01 -1.42801046e-01 -2.61155427e-01  4.06845391e-01
 -4.58328724e-01 -3.37893218e-01 -1.12071440e-01  9.04199257e-02
  1.79212689e-01  4.95622993e-01  1.02473505e-01 -3.67655531e-02
 -3.16306889e-01 -3.09537917e-01 -3.24698120e-01 -6.74715564e-02
 -1.03572629e-01 -4.29562330e-01  1.10334404e-01  4.14753884e-01
  5.19715473e-02 -2.49539569e-01  1.02699049e-01 -4.58399624e-01
 -5.54528534e-01 -4.66420561e-01  1.98390603e-01  7.21356690e-01
  4.23123479e-01  3.43606859e-01 -2.19627500e-01 -1.39982179e-01
 -4.92955409e-02  2.22448893e-02  4.48716730e-01 -2.37256996e-02
 -3.23253572e-01 -3.52372646e-01  1.92326680e-01  3.76735449e-01
 -6.69589901e+00 -5.51560104e-01 -1.82041466e-01 -3.92034888e-01
  3.54861557e-01  1.42019212e-01  3.13567407e-02 -1.16680160e-01
  6.02649093e-01  2.56388694e-01  1.98187724e-01 -2.16870964e-01
 -1.36272967e-01 -3.69522482e-01  4.70502153e-02  4.23619896e-01]"
Would you like a booth?;Would you like a booth?;[('Would', 'VERB'), ('you', 'PRON'), ('like', 'ADP'), ('a', 'DET'), ('booth', 'NOUN'), ('?', '.')];0.0;[0. 0. 0. ... 0. 0. 0.];"[ 0.13232422  0.09358724  0.09519958  0.21484375 -0.07413705  0.03776042
  0.08650716  0.00864665 -0.05603027  0.07557169 -0.0546875  -0.07055664
 -0.06119792 -0.0699056  -0.12972005  0.11116537  0.0789388   0.13061523
  0.09809367 -0.03686523 -0.05525716  0.05991618  0.1034139  -0.05519613
  0.04858398  0.01839193 -0.09493002  0.00416056 -0.04391988  0.05883789
 -0.03971354  0.03145345 -0.0168457  -0.03377279 -0.07047526  0.00191243
  0.140625    0.04866536 -0.00537109  0.12251791  0.0904541  -0.12223307
  0.26985678 -0.06879679  0.0148112  -0.00496419  0.07060751 -0.01041667
  0.11051432 -0.11999258 -0.06724039  0.08382162  0.00366211  0.02473958
  0.01306152  0.02246094  0.01097107  0.03771973  0.13655598  0.02278137
  0.01969401 -0.00167847 -0.10262045 -0.04677836 -0.06213379 -0.03452555
 -0.07397461  0.15218098 -0.07462565  0.00093587  0.13134766  0.03019206
  0.13110352 -0.05338542 -0.28027344 -0.18717448  0.08203634  0.20345052
  0.0851237   0.13012695  0.01814779 -0.07552084  0.04199219  0.02783203
 -0.13427734 -0.0234375   0.06270345  0.1612091   0.05537415  0.08479818
  0.07396444  0.05940755 -0.09053548 -0.08872477 -0.05493164 -0.06958008
  0.16398112  0.08260091 -0.01033529 -0.0412089  -0.08203125  0.01223119
 -0.07281494  0.08496094 -0.17118327  0.07747396 -0.07157389 -0.08455404
 -0.01674398 -0.10306803 -0.18945312 -0.02718099 -0.07914225 -0.0037028
  0.1508789  -0.08854166 -0.05786133 -0.04418945  0.11848959 -0.03889974
 -0.02694702 -0.05118815 -0.05777995  0.07625326 -0.05143229 -0.05224609
  0.00449626 -0.00529989  0.0234019  -0.03426107 -0.17871094 -0.10579427
 -0.12286377  0.08329264  0.00848389 -0.12577312 -0.00610352 -0.02921549
  0.02026367  0.19889323  0.05273692 -0.11271159  0.02783203  0.0193278
  0.20996094 -0.03076172 -0.05228679 -0.23339844  0.04101562 -0.03670247
  0.0711263   0.11116537 -0.2163086  -0.0047404  -0.01774088  0.05216471
 -0.06193034  0.00044759 -0.08203125  0.0616862   0.06485494  0.02392578
 -0.03255208  0.1616211   0.08636475 -0.14005534  0.07104492 -0.04703776
  0.05196126  0.02087402 -0.13354492  0.00980632 -0.07397461 -0.10428873
 -0.09342448  0.0020752   0.10839844 -0.02913412 -0.03641764  0.1155192
 -0.09960938  0.02132162  0.00671387  0.03597005  0.01407878 -0.06109619
 -0.04032389 -0.00265503  0.12658691  0.04105632 -0.00113932  0.05904134
 -0.03634644 -0.03295898  0.06658936  0.03491211 -0.04677836 -0.01867676
 -0.04278564 -0.21289062  0.08748373  0.11653646 -0.02775065  0.02819824
  0.01049805  0.1332194  -0.17024739 -0.11757406  0.02140299  0.00480143
  0.01033529  0.07411703 -0.04443359  0.05981445 -0.09342448 -0.03523763
  0.2063802  -0.02815755 -0.16682942 -0.00374349 -0.02278646  0.01188151
 -0.12532552 -0.12027995  0.10839844 -0.1233724   0.1476237   0.05451457
 -0.10616048  0.03417969  0.02978516  0.00203451  0.03112793  0.056722
  0.11975098  0.00585938 -0.03191121 -0.01942953  0.17871094 -0.03531901
  0.04783122  0.01888021  0.07695007 -0.07405599 -0.02530924 -0.06441244
  0.00952148  0.06498209 -0.07023112 -0.11004639  0.02813721 -0.02294922
  0.14550781  0.04048665  0.04905192 -0.00691732 -0.00431315 -0.01796468
 -0.07694498 -0.10734049 -0.05858866 -0.05702718 -0.12353516  0.04846191
  0.00048828  0.1163737   0.01753744  0.01899211 -0.10709635  0.05643718
  0.08032227  0.11653646  0.23860677  0.15189616  0.03523763 -0.1110026
 -0.02318319 -0.07165527 -0.0460612   0.00683594 -0.05981445 -0.01383464
 -0.05930583  0.07006836 -0.00915527  0.02132162 -0.07519531 -0.16210938
  0.07806396  0.05340068 -0.09508514  0.08780924 -0.11572266  0.02482096
  0.03230794  0.01448568  0.0694987  -0.10677084 -0.09093221  0.02636719]";"[ 0.06364188 -0.03479029 -0.06984247  0.04856454 -0.04433305 -0.01976481
  0.22599688 -0.02598578 -0.0289592  -0.10719487 -0.02495828 -0.04953684
 -0.07167488 -0.08488967 -0.05829683  0.03725835  0.06664387 -0.00266435
 -0.10614691  0.1456371   0.06034837  0.03095041 -0.2066405  -0.02343276
  0.12394694 -0.1345089  -0.05641579  0.05034727 -0.02510304 -0.01544228
 -0.01396775  0.06313648  0.10684577  0.06088189  0.08492585  0.11966146
  0.04579034 -0.08758813 -0.08300513 -0.00315483 -0.13338801 -0.064933
  0.0062324   0.03733761  0.15008095  0.21364042  0.12829603  0.05576006
 -0.01937223  0.0801566   0.02386556  0.04735078  0.03755154 -0.03314284
 -0.19058543 -0.02650514  0.06119717  0.06050181  0.03001951 -0.08457856
  0.07669432 -0.10173433  0.02555181  0.00555424  0.19362845  0.1445173
 -0.16574006  0.03003404 -0.09412424  0.0404845  -0.02438433  0.1031333
 -0.00910196  0.04648292  0.01980833 -0.14761922 -0.01181609 -0.00608705
  0.04312747  0.02198768 -0.0231486  -0.02897556  0.00305135  0.07706703
  0.10031702  0.10778503 -0.12541637  0.02377106 -0.01335466  0.14624536
  0.01263997  0.08314452  0.09323063 -0.08227468  0.04645705 -0.08747934
  0.19337817 -0.05699712 -0.01817689  0.01336738 -0.13435219 -0.14031608
 -0.04319152 -0.00243991  0.03696544 -0.13173051  0.07154258  0.16605744
 -0.09033925  0.01362868 -0.13493693 -0.1285712   0.12431929 -0.15291066
  0.0407863  -0.07527018  0.03855848  0.00557563  0.07349453 -0.11142029
  0.1425316   0.03748636  0.01170433  0.0023633  -0.1431435  -0.02688876
 -0.04073752 -0.05944951  0.06307889  0.09239528  0.03883191  0.00876017
  0.07245247 -0.10038747 -0.00193683  0.14613278 -0.07037365 -0.12500393
  0.02095034 -0.05276656 -0.01662083 -0.07178482  0.03504813  0.05100488
 -0.0810727  -0.038224   -0.10512076 -0.06608341 -0.09479965 -0.01968203
 -0.20528474  0.03122615 -0.01891574 -0.02636953 -0.05150989  0.14927633
 -0.19757289 -0.11767434 -0.0471484   0.17727616  0.03744039  0.01633929
 -0.03181993  0.01622034 -0.17517605  0.14446649 -0.05405238 -0.06774298
  0.03119208  0.0778864   0.02729834  0.11777481  0.19144881 -0.03664776
 -0.03421821  0.12844728 -0.07173993 -0.09021452 -0.11043321 -0.12793559
 -0.01500591  0.03177791 -0.25345498 -0.05470774 -0.01443962  0.08044543
  0.14323734  0.10893723  0.06534687  0.01405704 -0.019781   -0.00341044
 -0.05748921  0.0268318   0.18039238 -0.12913638  0.03048025 -0.0463224
  0.02905987 -0.02516295  0.15900493 -0.05087186 -0.05818972 -0.02473087
  0.20200527  0.01217639 -0.07727549 -0.05273036  0.15657155 -0.02591802
  0.04100912  0.01337668 -0.09739564  0.0989548   0.03732127 -0.07720176
  0.1133223  -0.19342765 -0.11130744 -0.1642744   0.12859309  0.00205936
  0.02663608 -0.23318127 -0.01493982 -0.18750079  0.14345947 -0.02694525
 -0.0396172   0.12931988  0.02516892 -0.03075927  0.04839069  0.14258279
  0.05523184 -0.01903807 -0.03633058 -0.15784845  0.05947388 -0.40296158
 -0.12008483 -0.14479253 -0.1400674   0.00109147 -0.08211999  0.02672964
  0.02709216 -0.06289642 -0.03764728  0.06166482  0.13123919  0.01031405
  0.05834253  0.1138303  -0.12757331  0.24093665  0.1445505   0.03707124
 -0.07544586 -0.17206006  0.00857298  0.21592467 -0.07148446 -0.21406233
 -0.2078948  -0.15027882  0.11222099 -0.02916602 -0.10772479 -0.04445289
 -0.12084201  0.04778687  0.10868199  0.02259201 -0.01832202 -0.0306226
 -0.05137874  0.0752939  -0.10906146  0.04256468  0.08255638  0.06387626
  0.05002721  0.02212808  0.03384211  0.12510514 -0.25093263  0.06793664
  0.00620115  0.22876656 -0.05463757  0.00066332  0.02446776  0.07286486
 -0.22548889  0.0723872  -0.03407414  0.03879006 -0.07672695  0.0560877 ]";"[ 2.00546876e-01  2.45067887e-02 -2.25342214e-01 -1.11204222e-01
  1.74103349e-01 -1.69597924e-01  1.67901382e-01  5.47033548e-01
  4.35853004e-02  2.76859611e-01  3.96123111e-01 -3.89752746e-01
 -1.45871729e-01 -1.17980652e-02  1.31388813e-01 -5.10854065e-01
 -4.85801399e-01  5.51585674e-01  6.13458991e-01 -2.22274229e-01
  3.90730739e-01 -3.38702172e-01 -2.63707876e-01 -9.59633067e-02
 -1.85081996e-02 -1.70860186e-01 -1.17329277e-01  1.90336034e-02
  3.25948864e-01 -5.09340316e-02 -1.06738880e-03  3.75553548e-01
 -5.53998411e-01 -2.01670170e-01  2.85982549e-01  7.34465122e-02
  1.33259863e-01 -1.66014470e-02 -2.44189173e-01  6.82640374e-02
 -5.86678088e-01  9.94312018e-03  3.62189174e-01  2.26589918e-01
  5.44188380e-01 -3.87095511e-01 -2.37086892e+00 -2.48500779e-01
 -1.91895336e-01 -7.31307715e-02  3.56220990e-01  2.20763654e-01
  8.96529675e-01  6.58887476e-02 -2.86967903e-01  3.32627624e-01
 -5.79155982e-01  4.37752932e-01  7.42615014e-02  2.55822062e-01
  9.76117998e-02  5.58069110e-01 -2.12311372e-02 -2.55395651e-01
 -1.68841451e-01  6.07490301e-01 -1.95982933e-01  2.97755986e-01
 -2.88900346e-01  7.90961266e-01 -4.55449581e-01 -1.46906197e-01
  1.70183554e-01  2.83376932e-01 -1.09803133e-01 -1.42784134e-01
  1.84010640e-01  9.49001834e-02 -2.83677459e-01  7.96521530e-02
 -1.48265958e-01  5.78133702e-01  2.58392334e-01 -2.59065151e-01
  2.33064383e-01  3.05982903e-02 -4.94983405e-01 -6.39424384e-01
  3.49760950e-01  4.20639664e-01 -5.52402854e-01  4.08037424e-01
  1.22967139e-01  8.16959679e-01  4.21318524e-02  1.27390623e-01
  2.34751403e-01  8.51571336e-02 -1.88389122e-01  6.94175780e-01
  3.33291560e-01  6.55397102e-02  1.37868196e-01 -3.40339482e-01
  6.66935369e-02 -1.63260415e-01 -1.66533008e-01 -4.52865869e-01
  4.47667390e-01 -2.78176475e+00 -1.72657356e-01  5.13889007e-02
 -1.79723129e-01  4.15718704e-01 -2.93543011e-01  3.14643472e-01
  6.70261204e-01  2.52852678e-01 -3.05277556e-01 -1.55026197e-01
 -3.69393289e-01  2.71653533e-01 -3.24018091e-01 -2.23198861e-01
 -5.04904520e-03  2.12017223e-01 -5.81974573e-02 -4.11670715e-01
  3.47441941e-01 -1.21356919e-01  4.27771240e-01  4.39019352e-01
  2.24985793e-01 -5.19237339e-01 -2.25829571e-01 -9.55910981e-03
  3.47413838e-01  1.01936489e-01  2.74027020e-01 -4.08623517e-01
 -5.08751810e-01 -4.24346119e-01 -2.87970543e+00  8.07002932e-02
  7.97752142e-01  3.59677196e-01  9.86217111e-02 -1.93993762e-01
  1.74847230e-01  8.03825073e-03 -2.73218066e-01 -7.56745189e-02
 -1.28599629e-01  1.43386409e-01 -1.21392079e-01 -1.10973269e-02
 -4.45582986e-01 -4.80379581e-01  7.81684101e-01  1.16944700e-01
  6.77426636e-01 -5.03323317e-01 -1.31354421e-01  1.33712038e-01
 -4.92602229e-01  4.16998774e-01  3.50005090e-01  1.26447350e-01
  1.41290948e-03  7.37429500e-01 -6.99102700e-01  3.10382754e-01
  3.97933513e-01 -5.09268403e-01 -3.78980897e-02 -2.61084974e-01
  6.06554858e-02  3.14704061e-01  7.46076852e-02  9.56497714e-02
 -2.82016993e-01  2.80400962e-02 -3.11328880e-02  2.35706568e-03
  3.83542567e-01  4.19455580e-02  4.26996857e-01  6.41944930e-02
 -5.30063868e-01  2.42708057e-01  3.35830688e-01  9.07873586e-02
  2.77596474e-01  6.63195550e-01  6.26567662e-01  3.15621495e-03
  1.30590022e-01 -7.24088252e-01  1.08074196e-01  8.01461875e-01
  1.73205912e-01 -2.24604756e-01 -1.82304740e-01  4.50118065e-01
 -3.74483973e-01  3.84477091e+00 -1.23485178e-03 -1.22960463e-01
 -9.28953961e-02  5.09291947e-01 -3.66993546e-01  5.12014106e-02
  7.29735345e-02 -4.96191978e-02 -3.30094993e-01  1.46097273e-01
  5.46688959e-02  2.39910692e-01  1.07503861e-01 -8.06444958e-02
  9.74069312e-02  1.10398680e-01 -3.56763184e-01  2.35741381e-02
  2.36009926e-01 -1.68174833e-01 -2.96413034e-01  6.00690484e-01
 -2.55494624e-01 -1.15392554e+00 -1.54424071e-01 -8.74124765e-02
 -6.80920780e-02  7.93125153e-01 -5.79631686e-01  6.82634488e-02
 -4.57929403e-01 -5.95862806e-01  2.10392639e-01  2.46620983e-01
  3.19264531e-01  1.66001484e-01 -2.62195747e-02  5.24775028e-01
 -4.27174091e-01  6.08688951e-01  2.08839208e-01  1.24178991e-01
  5.11976361e-01 -1.85068265e-01  1.47475362e-01  8.46517831e-03
  3.70557427e-01 -7.11702824e-01  4.61792290e-01  1.39716983e-01
  2.22518131e-01  3.83323938e-01 -3.30245793e-01 -1.26539454e-01
  9.39419046e-02  1.79556012e-01  2.22459100e-02  2.72806346e-01
 -3.75732780e-01 -8.15535486e-01  4.53867555e-01 -4.44231898e-01
 -1.45826817e-01 -4.93676811e-01  3.11603725e-01 -4.19342294e-02
 -4.58313733e-01 -3.74137115e+00  3.69987249e-01  2.35841870e-01
  4.74446192e-02 -9.35539836e-04 -2.97269940e-01  3.01006585e-02
  5.09224355e-01  1.91058233e-01 -5.34808457e-01  7.03144431e-01
 -1.76222950e-01  1.51768867e-02  2.30241030e-01 -3.36664379e-01
  2.38795817e-01 -5.33464551e-02  1.27542078e-01 -2.44995020e-02
 -3.44592452e-01 -2.67884403e-01  2.42239147e-01  5.16583174e-02
  4.22730923e-01  5.79711795e-02 -1.25221401e-01 -3.89379084e-01
  1.23926125e-01 -2.25975029e-02 -6.66979969e-01  1.90737367e-01
 -1.60501882e-01  5.13864830e-02  2.52426833e-01 -6.58567548e-01
 -1.38476753e+00  1.79263473e-01 -2.43295714e-01 -2.13545129e-01
 -1.55620337e-01  9.36916620e-02  2.38038510e-01 -1.78079724e-01
 -7.32610404e-01 -1.25098273e-01 -5.84411025e-01  1.10967532e-02
 -1.55789316e-01  3.64373684e-01  2.74255961e-01 -3.53085101e-02
  2.09968120e-01  1.97655499e-01  2.04009771e-01  8.74923840e-02
 -2.62679279e-01  1.89617828e-01  1.03745714e-01  8.31558555e-02
  1.81185037e-01  7.63053238e-01 -3.14887613e-01 -5.12911677e-01
  8.05186182e-02 -3.19429070e-01  5.54224014e-01 -1.91102475e-01
 -7.10868090e-02  3.76923233e-02 -7.79795527e-01  3.26994747e-01
  2.46608540e-01  1.84002206e-01  5.27427375e-01 -1.77675426e-01
 -1.98655531e-01  3.91430914e-01  4.36376810e-01  4.70676422e-01
  7.22084403e-01  4.32412326e-01 -2.82772452e-01 -1.65917307e-01
 -5.17081916e-01  1.42668992e-01 -3.05394888e-01  2.21863687e-01
  1.42167139e+00  7.71115720e-03  1.18795320e-01  1.54367149e-01
  3.74968857e-01 -3.57355893e-01  3.51124108e-01  6.19845614e-02
  7.31418312e-01 -8.61362576e-01  5.03806949e-01 -3.61024648e-01
 -1.95768461e-01 -7.20684111e-01 -1.36707172e-01 -4.47796732e-01
  1.31888732e-01  2.16187686e-01  1.92524493e-01  1.01547793e-01
 -3.96432579e-01 -6.61154091e-01 -1.81974068e-01  4.09149885e-01
 -3.47910494e-01 -1.76187426e-01  4.50584710e-01 -1.90777525e-01
  1.98135555e-01 -9.77897346e-02 -7.65634239e-01  5.39131939e-01
 -5.15186489e-01  4.60573137e-02  7.92142972e-02 -2.91924551e-02
 -2.72082955e-01 -4.23165739e-01 -1.63644552e-01  2.79379219e-01
  9.18614045e-02  6.66033328e-01 -3.01841527e-01  5.02150804e-02
  3.61256331e-01 -8.87897789e-01 -1.00147158e-01 -3.81619036e-01
 -2.48829782e-01 -5.10873437e-01 -6.67092144e-01  3.69657874e-01
  6.27994016e-02 -9.93011594e-02  4.29629087e-02 -3.80716503e-01
  8.68069679e-02  4.66838211e-01 -4.56752151e-01 -4.74408925e-01
  2.81413198e-01 -1.84875891e-01  4.70093668e-01 -3.84127572e-02
  8.23740587e-02  3.90691668e-01  5.35017364e-02  7.60724545e-01
  1.73294663e-01  2.65402533e-02  3.50718856e-01 -3.55485857e-01
 -4.80557561e-01 -3.61248642e-01 -1.18213169e-01 -5.61342061e-01
 -2.28383288e-01 -1.20799020e-01  1.16874754e-01 -1.01226605e-02
 -6.18707359e-01 -7.06309140e-01  1.01933196e-01 -2.24303573e-01
 -7.24156439e-01 -3.09188306e-01 -1.77827120e-01  3.11033547e-01
  2.11143550e-02 -5.31014085e-01 -3.38384032e-01  1.29429236e-01
 -1.14326015e-01  3.39829475e-01  1.19323283e-03 -1.37771040e-01
 -3.65374625e-01  4.57927704e-01 -3.63464892e-01 -3.50554883e-01
 -1.34452045e-01 -2.95512766e-01 -1.64818957e-01 -4.90522414e-01
  4.89941686e-01 -1.07597664e-01  3.80815476e-01  2.33330876e-01
 -3.09974015e-01  2.28575170e-01 -1.59951401e+00  5.28242648e-01
  4.32078749e-01 -2.44732618e-01  4.29113001e-01  9.72574949e-03
 -3.84310037e-01  3.44113410e-01 -2.71123350e-01  1.00905173e-01
 -2.69402504e-01 -1.05162181e-01  3.70978743e-01  1.74779490e-01
  2.57874340e-01  3.75592023e-01  1.26581579e-01 -7.73045421e-01
 -3.74001712e-01 -7.47133255e-01 -2.65734434e-01  3.55783880e-01
 -1.93446334e-02 -1.79202169e-01 -1.99672565e-01 -3.72126214e-02
 -5.20930067e-03  2.71113664e-01 -2.15564921e-01  4.69130367e-01
  1.52045876e-01 -3.64279240e-01 -7.10140228e-01  2.49851011e-02
 -3.10939215e-02 -1.16441339e-01  4.73665953e-01 -1.48961470e-01
  7.23263443e-01  3.42611551e-01 -2.97068566e-01  8.62894237e-01
  2.21202284e-01 -3.21308345e-01  4.37571168e-01  3.79901946e-01
 -4.68338788e-01  4.11007673e-01 -1.60296597e-02 -5.49602568e-01
 -4.19418029e-02  1.15540601e-01  2.52878457e-01 -3.59517224e-02
  2.22645640e-01  1.21633723e-01  5.96798301e-01  1.40100747e-01
 -4.30624604e-01 -1.93455160e-01  4.22640324e-01 -3.32957804e-01
 -3.07106405e-01  1.68119103e-01 -1.65847659e-01 -2.91124612e-01
 -1.72738433e-02 -3.53254080e-01 -7.67392099e-01 -1.82585955e-01
  4.27581221e-01  2.98454940e-01 -2.48113975e-01  4.92302865e-01
 -4.19997692e-01  2.16316611e-01  1.00372836e-01  3.09945047e-01
  8.95380914e-01 -2.18873262e-01  6.70523345e-01 -3.47524047e-01
 -1.06701088e+00 -2.35140339e-01  3.12489048e-02  4.98613954e-01
 -2.01777190e-01 -4.13723737e-01 -1.44710802e-02 -3.06399941e-01
 -5.84895968e-01 -3.89759958e-01  8.26347470e-01  2.22705334e-01
 -1.49662882e-01 -2.30675563e-01  2.49369323e-01  8.12917352e-02
 -3.24506052e-02 -2.50055104e-01  1.75965615e-02  9.85023379e-01
  3.75701606e-01 -9.59140137e-02  3.32869053e-01  6.57367557e-02
  9.35210884e-01 -4.18045104e-01 -4.91257049e-02 -6.00151829e-02
 -1.07529894e-01 -2.26448745e-01 -3.45041633e-01 -2.15134978e-01
  6.85717762e-01 -5.14700592e-01  4.99003716e-02 -7.51148999e-01
  2.39677000e+00  8.65695834e-01 -3.21300447e-01 -5.00003994e-01
  3.90760861e-02  6.21064454e-02 -3.98949683e-01  2.44269073e-01
 -5.49630523e-01  3.72636765e-01 -8.25745314e-02  2.15664297e-01
  2.01257944e-01  2.59108961e-01  7.00377822e-01 -2.16288306e-02
  1.73184648e-01 -3.06259364e-01 -3.33650053e-01 -9.33892727e-02
 -8.63224030e-01  7.74191916e-01  2.34398529e-01 -2.62192100e-01
  6.30363673e-02  3.33443701e-01 -1.28496826e-01  1.20511942e-01
  2.77008563e-01  4.55301374e-01 -4.43965852e-01 -6.21030405e-02
  3.04098465e-02  1.02283783e-01 -3.43203619e-02  4.77184534e-01
  6.47013932e-02 -7.06999898e-01 -5.60197115e-01  2.38777295e-01
 -6.65552020e-02 -5.73843598e-01  7.30721354e-01  1.91226199e-01
  6.01612926e-02  5.25865912e-01 -3.40332419e-01 -4.66067970e-01
  4.66212332e-01  4.24163103e-01 -3.00494045e-01 -7.90781230e-02
 -2.24288613e-01 -1.76547747e-02 -2.89441139e-01 -1.86099634e-01
  8.00158381e-02  3.07034515e-02 -5.02568126e-01  2.13151157e-01
 -3.16036940e-01  3.16623330e-01  1.01538464e-01 -3.49603206e-01
  1.05845079e-01  3.07903588e-01 -3.29512745e-01  5.82117923e-02
  2.25038566e-02 -6.55931354e-01 -8.17519277e-02  4.41502452e-01
  2.59430528e-01  3.37515995e-02  6.73470721e-02  2.75511414e-01
  3.77678961e-01 -4.92810905e-02 -1.40566170e-01 -3.06535912e+00
  2.32723475e-01  2.94749774e-02  4.16409850e-01 -3.17882091e-01
  2.71806400e-02  4.45389539e-01  3.03770825e-02  2.95844644e-01
  3.47105682e-01  7.04805195e-01  2.32324079e-01  5.64179361e-01
 -6.17158860e-02 -1.33676641e-02  5.41869581e-01  1.78066164e-01
 -4.89436090e-01  5.55697680e-02 -2.69356638e-01  4.55619454e-01
  3.64309043e-01 -7.80414790e-04 -3.60609472e-01  3.73127051e-02
  7.09792376e-01  3.44789088e-01 -4.63476598e-01  1.41527221e-01
  5.01436591e-01  4.96638827e-02  6.06717229e-01  3.78924757e-02
  7.24888444e-01  3.14653754e-01 -3.85361075e-01 -1.56429335e-01
  3.35880339e-01  5.23612142e-01  2.41447479e-01 -3.49643856e-01
  1.28022939e-01 -3.46917272e-01  3.32684010e-01 -4.65614170e-01
  1.65950745e-01  5.71740985e-01 -2.55117208e-01  6.67606652e-01
 -3.39051709e-02 -2.93287337e-01 -1.05666816e-01 -1.35259494e-01
 -1.09543711e-01 -1.30545884e-01  6.35415539e-02  6.61583990e-02
 -4.36797798e-01 -2.24856567e-02 -1.55655295e-01 -6.80563748e-02
  4.99968499e-01 -3.95787776e-01 -1.30013540e-01  2.68399194e-02
 -1.31116748e-01  3.32741797e-01 -3.97670388e-01 -2.64407098e-01
  6.65080920e-02  3.52077425e-01 -9.24282819e-02  7.09956348e-01
 -2.38269284e-01 -5.53323217e-02 -2.83889323e-01  2.24726379e-01
  5.79889059e-01  3.52280945e-01  1.73647091e-01 -1.86414942e-01
  1.02247909e-01 -2.13782549e-01  5.52208304e-01  4.22588401e-02
 -8.19970036e+00 -2.95784503e-01  3.29676904e-02 -2.10080028e-01
  8.99571106e-02 -5.26895225e-01  6.48143888e-03 -4.32645530e-01
  2.23258525e-01 -1.16215855e-01 -3.68424244e-02 -5.13298452e-01
 -1.32524118e-01 -6.19659901e-01  1.93983972e-01  2.20215470e-01]"
I started working here 10 years ago.;I started working here 10 years ago.;[('I', 'PRON'), ('started', 'VERB'), ('working', 'VERB'), ('here', 'ADV'), ('10', 'NUM'), ('years', 'NOUN'), ('ago', 'ADV'), ('.', '.')];0.0;[0.4285309 0.        0.        ... 0.        0.        0.       ];"[-7.03125000e-02  1.05859376e-01  1.46118160e-02  1.08007811e-01
 -5.34423813e-02 -3.77441421e-02 -2.51190178e-02 -1.54492185e-01
 -3.25195305e-02  2.40234379e-02  6.43066391e-02 -7.69531280e-02
 -1.18554689e-01 -9.50805694e-02 -9.12597626e-02 -2.30712886e-03
  1.20996095e-01  1.44628912e-01  7.71240219e-02 -2.11669914e-02
 -1.68066412e-01  1.39941409e-01  6.89453110e-02 -6.79687485e-02
  2.75146477e-02  6.44775406e-02 -8.97949189e-02 -4.21752920e-03
 -4.00634781e-02 -2.11425778e-02  2.94189453e-02 -1.93603523e-02
 -1.34277347e-04  4.12597647e-03  6.47949204e-02  6.94335923e-02
 -6.42425567e-02 -8.44726562e-02 -2.05566399e-02  6.32324219e-02
  8.35815445e-02 -3.90136726e-02  6.45507798e-02 -3.01025398e-02
  3.13842781e-02  4.05517593e-02 -7.32666031e-02 -5.28076179e-02
 -4.34570294e-03 -1.00097654e-03  7.96630830e-02 -6.72363266e-02
  1.04492186e-02  1.92382820e-02  2.67822258e-02  5.39810173e-02
  8.66699207e-04 -6.74316436e-02  6.60400391e-02 -1.73681647e-01
 -3.08471676e-02  1.32873535e-01 -1.50390625e-01  8.69140588e-03
 -4.66796868e-02 -1.58691406e-02 -7.83691369e-03  4.22607437e-02
 -8.84765610e-02 -2.58300789e-02 -5.76660149e-02  3.50341797e-02
 -1.03759766e-02  6.22558594e-02 -1.95410162e-01 -9.61914062e-02
  7.73681626e-02  1.83349606e-02  1.00585939e-02  1.35498047e-01
 -4.46563736e-02 -6.49932846e-02  6.35742173e-02 -2.19238289e-02
 -7.86815658e-02 -1.31835938e-02 -3.10546868e-02  6.65039048e-02
  2.34375000e-02  4.46655266e-02  1.18359372e-01  8.92089829e-02
 -7.02514648e-02 -9.40551758e-02 -1.39233395e-01  5.93261700e-03
 -9.17968713e-03 -4.93774414e-02  6.10107407e-02 -7.54394522e-03
 -1.03100583e-01 -1.48376469e-02 -7.22656259e-03  1.13552853e-01
 -8.03222694e-03 -4.27001938e-02 -3.73901352e-02  4.37011719e-02
  1.31835938e-02 -1.06250003e-01 -9.06250030e-02 -4.15039062e-02
  1.18896486e-02 -5.98266609e-02  7.83935562e-02  4.77294922e-02
  9.37500037e-03 -6.12548813e-02  6.65771514e-02 -6.70166016e-02
 -7.91015662e-03  5.41992206e-03 -9.39941406e-02  3.97949219e-02
 -1.07421877e-03  1.57104488e-02 -6.95800781e-02 -3.94531265e-02
 -2.56835930e-02  7.76855499e-02 -7.71484375e-02 -1.76953122e-01
 -1.19238280e-01 -5.51239029e-02 -9.87304673e-02 -5.92773445e-02
 -2.48291008e-02  2.43408196e-02 -3.12500005e-03  8.59252959e-02
 -7.81250000e-03 -2.56103519e-02  4.96093743e-02 -2.39379890e-02
 -4.27368172e-02  9.42199677e-02 -9.13085938e-02 -7.61657730e-02
  7.44628906e-03 -8.42254609e-02  9.28222686e-02  5.66406250e-02
 -1.09619141e-01  1.28320307e-01 -3.82080069e-03  3.46679688e-02
 -1.01052858e-01 -3.94531265e-02 -4.59808335e-02 -4.27246094e-02
  1.19921878e-01  7.81982392e-02 -7.66113251e-02  6.59179688e-02
  5.25878891e-02 -8.80859345e-02  2.28515621e-02 -4.71191388e-03
  3.30932625e-02 -3.07373051e-02 -1.06738284e-01 -1.96075439e-02
  2.12768558e-02 -4.18212898e-02  2.79296879e-02  8.54125991e-02
  1.21655270e-01 -3.43750007e-02  7.18261749e-02 -4.06127945e-02
 -2.06054691e-02 -3.74023430e-02  3.65837105e-02  2.58911140e-02
  8.38378891e-02  2.42431648e-02 -5.80078140e-02  2.69042961e-02
  7.44140595e-02 -2.32421868e-02 -2.12402339e-03  8.98117051e-02
 -2.92968762e-04 -6.30859360e-02 -2.55371090e-02  1.70449823e-01
  6.13037124e-02  9.87304673e-02  1.64672844e-02 -1.12988278e-01
 -1.04736328e-01  1.24218747e-01  4.10522446e-02  2.68554688e-03
 -3.33312973e-02 -4.90234382e-02 -1.14025876e-01 -3.01025398e-02
  1.12304688e-02  7.87658691e-02  1.07373044e-01  6.17187507e-02
 -6.65283203e-02 -4.15077209e-02 -6.10351572e-06 -3.99902351e-02
  8.28613266e-02  1.45874023e-02 -9.62890610e-02  5.37109375e-03
 -2.76977532e-02  5.49682602e-02  1.52343754e-02  5.94726577e-02
  1.18505858e-01 -1.92968756e-01 -1.17065432e-02  8.59375000e-02
 -1.34375006e-01 -9.17968750e-02 -5.92041016e-03 -1.22753903e-01
  7.27355927e-02  1.72454827e-02 -3.86718735e-02 -6.01806641e-02
  4.76928726e-02 -2.31689457e-02  7.16064423e-02  1.12304685e-03
  4.26269546e-02  5.28808609e-02 -3.84521484e-02 -1.50976568e-01
 -1.17480472e-01 -3.19152847e-02 -5.16700745e-03  8.43994170e-02
  4.03854623e-02 -7.62451142e-02  7.29980469e-02  9.48242173e-02
  4.14062515e-02  1.01416014e-01  6.11328110e-02  6.58226013e-03
  1.42929079e-02  3.27178948e-02 -1.20861813e-01 -8.96667466e-02
 -1.92382820e-02 -3.23608406e-02  1.47949219e-01  3.20434556e-05
  3.16549316e-02  1.37548834e-01  8.98437481e-03 -4.20166031e-02
 -3.09445374e-02  5.78613300e-03  7.77343735e-02  4.93164081e-03
  1.11718751e-01  6.83105439e-02  1.15136720e-01 -3.41796875e-02
 -1.17578126e-01 -1.42211914e-01 -1.06170654e-01 -8.97460952e-02
 -3.47534195e-02  7.78808584e-03  3.44696045e-02  1.54687494e-01
  1.38702393e-02 -1.00708008e-03 -7.05078095e-02 -4.84741218e-02
  1.91894528e-02  3.77685539e-02 -9.58007798e-02  1.37353510e-01
 -1.74218744e-01  6.88476581e-03  2.92968762e-04 -8.62304717e-02
 -5.06591797e-03  7.00927749e-02  1.68457031e-02 -3.16284187e-02]";"[-0.1235617   0.06257503 -0.10771308  0.23404893  0.03675539 -0.10528348
  0.13600427  0.11831845  0.11582606 -0.00805986  0.08444764 -0.06161863
  0.02870275  0.04549611 -0.04661189 -0.15572974  0.00363972 -0.06990404
  0.04829725 -0.10815378 -0.22307317  0.04422079  0.04340481  0.04684509
  0.15575998 -0.11217533 -0.23046565  0.13285854  0.00086665  0.0304785
 -0.03645314 -0.05254106  0.17558205 -0.07310252 -0.09551312  0.27093858
 -0.16330418 -0.17106019 -0.28557575  0.01459101 -0.14540224 -0.11850603
  0.05738907 -0.02237175  0.00074235  0.11691557  0.00339711 -0.01200986
  0.05410901 -0.01802093  0.10999457 -0.06100449 -0.07782877  0.0411086
 -0.13447702 -0.03846551 -0.04781503  0.0972021   0.14762059 -0.20266767
  0.00562611  0.04577161 -0.04770747  0.0086313  -0.06582995 -0.12362262
  0.11304513 -0.09018558 -0.04472772  0.02010348 -0.0138961   0.11589058
 -0.28502315  0.0310498   0.05037876 -0.04116604  0.03394193 -0.07998697
 -0.03612736  0.09780936 -0.0458786  -0.19355361 -0.06860289  0.18532935
  0.08325887 -0.03452534  0.00702353  0.09357097  0.17067166  0.06777976
 -0.06112573 -0.06481455 -0.14211735 -0.16216722  0.08301476 -0.06387066
  0.08042371 -0.17256732 -0.07492318  0.17719895 -0.09818937  0.05037706
  0.11445983 -0.06821425 -0.07687634 -0.19438629  0.09886688  0.06234943
 -0.22221074  0.20706172 -0.09089003 -0.12853853  0.14900362  0.0880058
  0.04823331  0.05247857  0.13020363  0.05753404  0.0276874   0.02564554
  0.09761969  0.2958712  -0.2077811  -0.10733908 -0.2893075   0.0303732
 -0.02929917 -0.11414108 -0.00213317  0.18332417  0.04742473 -0.03003997
 -0.12922207 -0.30473524 -0.25960767  0.01069016 -0.16422018  0.006158
 -0.09150948 -0.01734621  0.07253706 -0.11910794  0.00040947  0.27397236
  0.04434217 -0.1298309  -0.15336055 -0.10644574  0.05386798 -0.0025802
 -0.11941836 -0.1902022  -0.04219618 -0.01629807  0.0073904   0.17834821
 -0.25427002 -0.06401625 -0.03038123  0.2291975   0.12388406  0.11774137
 -0.31357557  0.09491949  0.01309274  0.24657294 -0.2075901  -0.13409254
  0.03055041  0.07107162 -0.05779096  0.04046637  0.22710519 -0.12009414
  0.11316981  0.00733218 -0.06479983 -0.03287847 -0.06173388 -0.18690073
  0.05280934 -0.02662994 -0.20250091 -0.09234865  0.10232371  0.00421801
  0.14186017  0.19492623  0.3318935  -0.02685006 -0.13745919 -0.1099416
  0.12773156  0.05610129  0.04760595 -0.00551854 -0.03534172 -0.195303
  0.00375293 -0.05292011  0.07890874  0.02737677 -0.16154869 -0.00205758
  0.10293946 -0.16548765 -0.00384485  0.04901009 -0.08860773 -0.28383964
 -0.05025886 -0.11579776  0.0305761  -0.03702975 -0.25650984 -0.34614846
 -0.104318   -0.2508809  -0.21408252  0.07445802  0.2020771   0.14209168
 -0.05406191 -0.30034104 -0.10085982 -0.09221523 -0.06446118  0.02263843
  0.05085766  0.09098786  0.0920468   0.09997325  0.09494355  0.25003567
  0.05291775  0.08873729 -0.02950192  0.09334206  0.03906705 -0.28769007
 -0.04020566 -0.23623209 -0.06768293 -0.11415677  0.06996901  0.14034626
  0.06830051  0.28621784 -0.11297826 -0.18761593  0.07262036  0.01907199
 -0.02148207  0.04489883 -0.06662162 -0.0846656   0.0404605   0.03929035
 -0.04850619  0.13294497  0.06310322  0.13779414  0.03523828  0.13645336
 -0.15802152 -0.11804179 -0.01924966 -0.15004826 -0.11424635 -0.10560906
 -0.08182602 -0.06131737  0.09589155 -0.02847807 -0.11879656 -0.10831486
  0.00163566  0.05934959 -0.26374966  0.01523953 -0.03130239  0.09810211
 -0.06639762  0.00497894  0.03564427 -0.04536116 -0.20342341 -0.09848441
 -0.02855445  0.14366375  0.02440003  0.13640103  0.03618582  0.04481096
 -0.0078703   0.08767499 -0.12333689  0.02838232  0.23472889 -0.11657052]";"[ 1.55936107e-01  1.87229276e-01  5.53687029e-02 -6.40785158e-01
 -3.83149162e-02 -3.86652261e-01  1.52541399e-01  1.02898359e+00
 -2.23661978e-02 -3.88605058e-01  3.41087580e-01  3.36202458e-02
  4.16680813e-01  5.69554269e-01  1.48481987e-02  9.70940068e-02
 -7.94138387e-02  3.72495592e-01  2.84721136e-01 -2.15202376e-01
 -1.12972595e-02 -1.92526400e-01  2.12797284e-01  9.36445668e-02
 -4.64857277e-03  1.19019285e-01 -1.74882889e-01  1.53400540e-01
 -4.61378694e-01  6.46183938e-02 -2.79292278e-03  1.68856308e-01
 -5.64456761e-01 -8.34646672e-02  2.60342509e-01 -3.29082191e-01
  2.11207137e-01  1.98367670e-01  1.06872424e-01 -3.17111835e-02
 -2.14588001e-01  7.84993544e-02  8.06860775e-02 -8.22132453e-02
  2.17870682e-01 -2.25479484e-01 -3.50701594e+00 -1.37414411e-01
  8.06302726e-02  5.95917031e-02  3.78498346e-01 -6.13090932e-01
  1.66162495e-02  5.13421714e-01  1.39298469e-01  4.72548038e-01
 -3.03381056e-01  3.70562822e-01 -2.48069800e-02  2.50764966e-01
  5.66183209e-01  1.98513195e-02  4.55785319e-02 -4.66149263e-02
 -2.00458288e-01  1.49262249e-01  3.45896065e-01 -2.79347245e-02
 -1.27256587e-01  5.63778400e-01 -5.47238529e-01  1.36941150e-02
  6.76693439e-01 -4.52631742e-01 -3.23077589e-02 -2.73599207e-01
  2.45054483e-01  2.95342684e-01 -2.58640528e-01  2.71541663e-02
  3.28285992e-02  8.04268122e-01  4.40134615e-01  1.43689647e-01
 -5.84019534e-02  1.64633766e-01 -9.18410480e-01 -6.08968735e-01
  2.67815888e-01  3.98098052e-01 -2.86023527e-01  4.42762107e-01
  4.78580929e-02  8.00174296e-01  1.52011782e-01 -3.73663977e-02
 -3.28481048e-01  7.29155540e-02  2.41049662e-01  3.70296419e-01
  4.14108932e-01 -2.13033378e-01  5.99347055e-04 -4.49502885e-01
  4.54791486e-01 -1.00997537e-01 -7.66701996e-04 -3.43654156e-01
 -4.52268794e-02 -2.69387293e+00  4.42962676e-01  2.59390861e-01
 -4.77409661e-01 -1.33235753e-01 -3.61302406e-01  3.78649563e-01
  5.42598665e-01 -6.65766299e-02  5.85552871e-01 -1.17702492e-01
 -4.06782895e-01  3.84118080e-01 -2.63169259e-01 -4.47006792e-01
 -5.28591394e-01  2.26003185e-01 -2.87406147e-01  1.89452857e-01
  2.18952224e-02 -1.12113804e-01  3.93228889e-01  6.04882360e-01
 -1.80578887e-01 -4.20357972e-01 -1.27937526e-01  2.75601000e-01
  4.08807904e-01  2.05349833e-01 -2.47413546e-01 -4.00218546e-01
 -4.01089281e-01 -2.52632022e-01 -2.92989588e+00  2.67646194e-01
  3.98022443e-01  2.76837081e-01 -2.79133677e-01 -2.62042701e-01
 -1.10255651e-01  3.06682974e-01  5.10439754e-01  2.22540960e-01
 -1.88766554e-01 -1.06944375e-01 -3.74374017e-02 -2.00333953e-01
 -4.51265424e-01 -1.60173297e-01  2.26603329e-01  6.08414590e-01
  4.45361078e-01 -2.51763791e-01 -2.27985620e-01  2.19627365e-01
 -2.63323784e-01  3.91143799e-01  6.45130932e-01  2.04488099e-01
  3.68491977e-01  1.94736198e-03 -1.34495154e-01  4.85143334e-01
  5.45795321e-01 -1.14910915e-01 -1.92709938e-02 -4.02134329e-01
  4.91619855e-01  3.81515138e-02  2.62594908e-01 -2.02815086e-01
 -4.25281584e-01  7.04964101e-01  3.43772143e-01  1.78592727e-01
  5.72448552e-01 -4.60483551e-01  6.46100044e-01  1.90914989e-01
  5.29829524e-02  4.11601007e-01 -3.39189291e-01 -6.79996014e-01
  4.49753433e-01 -3.88998240e-01  3.93469274e-01 -4.39145751e-02
  4.19191957e-01 -4.69501972e-01  6.81226999e-02  5.24305165e-01
 -2.46003225e-01 -1.43376306e-01  5.99693805e-02 -2.35418215e-01
 -5.16562819e-01  4.16982555e+00  2.44969353e-01 -1.65619969e-01
  4.22199786e-01  2.89382935e-01 -3.03967208e-01  4.02496278e-01
  2.61862755e-01  1.02705210e-02  7.24174529e-02  1.78139821e-01
 -4.70838547e-02  4.68753055e-02  1.12141266e-01 -1.47058249e-01
  7.56480694e-02  1.33576766e-02 -3.79566491e-01  2.19783425e-01
 -5.44233322e-01  3.19844484e-03 -2.81326383e-01  3.45957369e-01
  3.35301191e-01 -1.91301465e+00 -3.27432215e-01 -1.07234672e-01
 -7.47134835e-02  1.33202344e-01 -1.31336764e-01 -8.35472792e-02
 -4.31677923e-02 -3.64128917e-01 -1.83340728e-01  1.99155927e-01
  1.23763680e-01  7.38499343e-01 -2.85235196e-01  6.38036653e-02
 -5.68632334e-02  6.39227271e-01  2.16803282e-01 -2.60566711e-01
 -9.03292596e-02 -3.61888073e-02  4.76151526e-01  1.43019676e-01
  4.57393408e-01 -1.17039196e-01 -3.98780793e-01  4.13971096e-01
 -4.49569523e-01  4.61012572e-01 -4.46177661e-01 -3.05551350e-01
 -7.25752413e-02 -2.48630308e-02 -2.29958206e-01  1.07817635e-01
 -5.67626119e-01 -2.44336963e-01  3.40110242e-01 -1.61876976e-01
  1.09029099e-01 -3.36408257e-01  2.47941576e-02 -1.44076243e-01
 -1.33353785e-01 -3.23478699e+00 -2.09496468e-01 -1.38926089e-01
 -3.20336014e-01  2.51461089e-01 -4.62078422e-01 -8.42252374e-03
  5.45258224e-01  3.44293751e-02 -6.23881996e-01  5.21306396e-01
 -7.35624582e-02  7.81145506e-03  1.28668919e-01 -4.54035550e-01
  8.24080035e-02 -4.06719372e-02  7.70617183e-03 -2.73039907e-01
 -6.95931375e-01  7.36632794e-02  3.07986408e-01 -4.59110200e-01
 -8.37446749e-02  3.22901845e-01 -1.27949893e-01 -3.27610493e-01
 -1.39097363e-01 -1.65482551e-01 -1.14127420e-01  4.11561653e-02
 -2.02098131e-01 -3.70097399e-01 -1.91903431e-02 -4.03466195e-01
 -3.00689435e+00  1.57618880e-01 -4.33681965e-01 -6.02088496e-02
  3.67675051e-02 -1.93782181e-01  2.16501966e-01 -3.57819274e-02
 -3.58259946e-01  7.37952590e-02  2.98429012e-01  2.53152907e-01
  3.20158809e-01 -8.38068724e-02  3.66524279e-01 -7.44260252e-02
  6.64904237e-01  1.05735362e-02  1.84430629e-01  2.74106920e-01
  2.89372891e-01  4.63225931e-01 -4.80922312e-03 -1.25281125e-01
  8.46780658e-01  5.90266049e-01 -6.77041054e-01 -2.18329787e-01
 -4.01717931e-01 -2.99285710e-01  3.83149505e-01 -3.44355106e-01
 -1.84916839e-01 -2.78770864e-01 -1.01750359e-01  1.64718509e-01
  6.06408753e-02 -2.28273526e-01  3.66459757e-01 -3.69195677e-02
  5.47909066e-02 -1.01548910e-01  3.06971520e-02  4.37605441e-01
  5.79744458e-01  1.09628394e-01  2.44575366e-01  6.55925274e-02
  3.05923700e-01  3.12223732e-01  8.03821683e-02 -1.26330391e-01
  1.21736050e+00 -9.35789645e-02  5.34325093e-03 -5.06693006e-01
  5.90277672e-01  8.09532404e-02  1.07683297e-02  6.00598335e-01
  5.61005950e-01 -2.30583295e-01  2.53891826e-01 -4.94971037e-01
  3.86124849e-01 -4.45863426e-01  2.09704489e-01 -7.09043503e-01
  2.83720829e-02  1.94837488e-02 -2.75933780e-02 -1.43338710e-01
 -3.81376803e-01 -1.25344479e+00 -7.44974911e-02 -7.47226402e-02
 -2.25875616e-01  5.42041838e-01  6.90979436e-02  7.13193566e-02
  3.99114341e-01  2.49644313e-02 -4.83231902e-01  6.80435300e-01
 -5.00398457e-01 -1.81021303e-01 -3.35019417e-02 -9.43858624e-02
 -4.74857271e-01 -4.76434827e-03 -6.74297214e-02  2.40032971e-01
  2.33920574e-01  2.61739343e-01 -1.40601005e-02  3.25553775e-01
  2.84453809e-01 -8.53378594e-01 -9.22032148e-02 -1.33086994e-01
 -3.61262977e-01 -2.88712293e-01 -5.79602420e-01  3.38490367e-01
  1.91425025e-01 -2.59380460e-01  2.31967002e-01 -5.18561564e-02
  1.24501310e-01  6.82383358e-01 -2.07551479e-01 -4.36091185e-01
  5.14214821e-02  3.54698837e-01  5.94660521e-01 -5.43589115e-01
  7.16084912e-02 -2.13931754e-01 -1.96896315e-01 -1.51286185e-01
  1.84115022e-01 -5.50591089e-02 -4.83189404e-01 -2.36592010e-01
 -4.78355289e-01 -1.38005931e-02  1.90258443e-01 -6.80132024e-03
 -4.14493293e-01 -3.47810984e-01 -1.84998751e-01  1.31842643e-01
 -6.81728005e-01 -6.18293226e-01  1.98968463e-02 -2.53060758e-01
 -5.09711742e-01  5.52797019e-02  2.98008889e-01  6.94525689e-02
  7.13485897e-01 -2.08370477e-01 -2.17422813e-01  1.56670108e-01
 -7.44940996e-01  7.58130610e-01 -2.36063346e-01 -4.70166504e-02
 -2.86108643e-01  3.74257624e-01  1.65397331e-01 -1.51514605e-01
 -2.34156072e-01 -4.76819128e-02  6.79917783e-02  3.45417231e-01
  7.77936205e-02 -1.44159123e-01  1.27663732e-01  7.82268196e-02
  4.26575541e-02  4.94666174e-02 -1.37873733e+00  4.32401597e-01
  8.90579939e-01 -6.10366836e-03  3.39657128e-01 -7.43019730e-02
  4.47010957e-02  8.35831523e-01 -2.25821063e-02  1.85902894e-01
 -3.31750929e-01 -3.91234905e-01  2.48285189e-01  2.29568779e-01
  2.76158631e-01  1.43912911e-01  1.41394600e-01 -7.83074617e-01
  5.00204638e-02 -3.45506966e-01 -1.12530388e-01  2.75119632e-01
 -1.59311712e-01 -1.46881193e-01 -8.84291343e-03 -2.29495317e-01
 -1.16573274e-01  7.43790329e-01  2.31016025e-01  3.93468052e-01
 -4.51107807e-02 -2.94119447e-01 -6.17436528e-01 -5.41520596e-01
  4.44404900e-01 -6.43303245e-03 -9.37811360e-02 -4.36736047e-01
  7.22186327e-01  4.33070302e-01 -7.87463486e-02  1.60874128e-01
  6.03577614e-01 -1.53083801e-01  2.32063740e-01  4.18690860e-01
 -3.39657843e-01  2.65404940e-01  2.25735307e-02 -3.20297837e-01
 -3.17139089e-01 -4.74155575e-01 -3.39724183e-01 -2.57377982e-01
  2.61780918e-01  2.22167075e-01 -1.52044415e-01  1.76474690e-01
 -2.72756577e-01  5.04424386e-02  2.58695364e-01 -3.58441710e-01
 -3.63644540e-01 -5.01410589e-02 -1.24506913e-01 -5.06000698e-01
 -1.29617035e-01 -8.30670834e-01 -7.59767413e-01  1.40403897e-01
  7.47258186e-01 -9.32713300e-02 -2.73450762e-02  2.38418236e-01
 -3.98571372e-01  3.55537534e-01  3.41112792e-01  2.35619456e-01
  3.81375730e-01 -1.19863302e-01  4.00004894e-01  1.70828313e-01
  5.29513732e-02 -4.11286563e-01  5.82418777e-03  3.12938094e-01
 -2.93327868e-01  2.50697464e-01 -4.07531530e-01 -3.48311633e-01
 -5.98321140e-01  5.34353144e-02  5.33169985e-01 -2.68057495e-01
 -3.41781706e-01  2.02735275e-01  3.23127031e-01 -1.29845351e-01
  5.31484075e-02 -2.91179240e-01 -2.52660483e-01  4.73779470e-01
  6.87109113e-01  1.91044509e-02 -3.74122322e-01  2.27480158e-01
  6.53803051e-01 -1.48225158e-01 -5.63788451e-02 -4.01665300e-01
  1.13289028e-01  4.57216054e-03 -2.75332987e-01 -1.45472184e-01
 -1.02050966e-02 -2.78631449e-01  1.62200555e-01 -5.05351901e-01
  2.26801395e+00  1.81524172e-01 -6.23459592e-02 -3.36165011e-01
  1.62866533e-01 -1.29549488e-01 -1.96026668e-01 -4.77829985e-02
 -1.84663862e-01  2.31780753e-01 -6.86744452e-01  1.09766506e-01
 -3.00239503e-01  1.78066269e-01  2.36589715e-01 -1.56945974e-01
  6.38996810e-02  1.00409374e-01 -5.90820491e-01  2.72078305e-01
 -2.48339564e-01  7.53928721e-01  2.77587801e-01 -7.86592737e-02
  2.55989790e-01  8.49361420e-01  6.85111403e-01  1.19633891e-01
  6.50367200e-01  5.47670841e-01 -6.39459342e-02  6.40079305e-02
  2.29214877e-03  1.45794928e-01 -7.31057286e-01 -3.19138169e-01
 -1.34320408e-01 -4.78140891e-01 -2.92197257e-01 -2.20165670e-01
  7.62424320e-02 -5.05834639e-01  7.20848441e-01  1.06611960e-01
  7.76739419e-02  4.37566131e-01  3.00686359e-02 -7.99377322e-01
  3.94465357e-01  7.49685168e-01  1.39020294e-01  1.11847952e-01
 -1.40759215e-01  1.08351320e-01  2.56225094e-02 -2.85937667e-01
  7.57296681e-02 -3.50274682e-01  8.22995827e-02  3.53284866e-01
 -3.14332336e-01  3.27199131e-01  1.82279959e-01 -2.83072889e-02
 -7.39451572e-02 -2.32823156e-02  3.48887071e-02  1.12457410e-01
  4.38893676e-01 -4.78356242e-01 -3.00085861e-02  5.53953588e-01
  6.53865993e-01  3.40172827e-01  2.21713215e-01 -2.41591558e-02
  1.38986796e-01 -1.33894816e-01  1.00267358e-01 -2.49397397e+00
  3.43318522e-01 -2.73260295e-01  3.35049257e-02  3.22572887e-02
 -9.85775068e-02  2.36661151e-01 -2.09771618e-01 -1.24580711e-01
 -2.62386911e-03  5.54297149e-01  8.19294453e-01  7.57714808e-01
 -3.68887857e-02  1.88991070e-01  2.38907158e-01  3.01079243e-01
 -1.69693187e-01  3.34578574e-01 -4.44689728e-02  2.39430107e-02
  1.26186535e-01  2.90864527e-01 -2.15823635e-01 -5.80372870e-01
  3.02232116e-01 -7.59875253e-02 -5.44925220e-02  1.84761733e-01
  3.30426514e-01  1.23464838e-01  6.20172262e-01 -5.46302795e-01
  1.81413829e-01  1.31155536e-01  2.85108864e-01 -8.07735264e-01
  1.30281255e-01  5.88268414e-02  2.18195438e-01  5.69046959e-02
  5.92190564e-01 -2.93408483e-01  1.61607414e-01  1.10278890e-01
 -5.40673733e-01  6.74106538e-01 -5.87224722e-01  6.06308103e-01
  9.02475417e-03  1.61905110e-01  3.39173734e-01  3.66609275e-01
 -1.62007511e-01  1.47375166e-01 -1.75775230e-01  7.11348802e-02
  7.49444962e-02  9.90816951e-02 -4.78349447e-01 -5.36564291e-01
  3.14664781e-01 -5.48570573e-01 -2.76765600e-02  4.55197722e-01
  1.70227334e-01 -2.38744482e-01 -2.62434065e-01 -6.75648302e-02
 -1.28824279e-01 -2.43796766e-01 -1.49417564e-01  7.96133220e-01
  2.11548969e-01 -2.24423438e-01 -1.94658726e-01  1.47532791e-01
  5.00909090e-01 -8.61780122e-02  1.52756453e-01 -8.07394162e-02
  9.84699130e-02 -1.74151048e-01  5.24129048e-02  2.66431496e-02
 -6.73820066e+00  1.08365484e-01  1.91968754e-01 -4.71727878e-01
 -3.99112433e-01 -1.60460159e-01 -2.69657746e-02 -9.20888901e-01
  7.82988891e-02 -3.71112823e-01  3.97330988e-03 -1.28488302e-01
 -2.91788340e-01 -3.27323794e-01  3.55544627e-01  2.80519068e-01]"
I was a waitress here.;I was a waitress here.;[('I', 'PRON'), ('was', 'VERB'), ('a', 'DET'), ('waitress', 'NOUN'), ('here', 'ADV'), ('.', '.')];0.0;[0. 0. 0. ... 0. 0. 0.];"[-1.16007484e-01 -7.61515275e-02  2.08333340e-02  1.49739578e-01
 -1.62760410e-02  8.82161483e-02 -3.08430996e-02 -7.35677108e-02
  5.83089180e-02  9.24479142e-02  1.66219082e-02 -2.39095047e-01
 -5.20833349e-03 -2.08577469e-01  7.60091171e-02  1.22314453e-01
 -3.05379238e-02  1.01521812e-01  1.21988930e-01 -6.55110702e-02
 -5.50130196e-02  8.39843750e-02  1.43880203e-01 -2.64816284e-02
  8.56119767e-02 -1.04166670e-02 -1.77530929e-01  1.18652344e-01
  1.24348961e-01  7.29166642e-02  6.82779923e-02 -8.65885392e-02
 -6.14420585e-02  8.00374374e-02  1.54622400e-03  4.36197929e-02
  1.17513023e-01  1.63818359e-01 -3.93880196e-02  7.16285706e-02
 -4.34366874e-02 -1.78710938e-01  2.37630203e-01 -2.17336025e-02
  1.92545578e-01  2.76692701e-03 -7.81250000e-02 -6.79117814e-02
  9.81445312e-02  9.20410156e-02 -5.07812500e-02 -7.24283829e-02
  1.56087235e-01  6.89290389e-02 -8.54492188e-02  7.74739608e-02
  5.97330742e-02  9.42382812e-02 -1.16617836e-01 -8.82161483e-02
 -5.30598946e-02  1.91182449e-01 -1.82128906e-01 -6.01399727e-02
 -3.01106777e-02 -7.34049454e-02 -1.53808594e-02 -8.91113281e-02
  6.55721053e-02  2.14640293e-02  1.66097000e-01  4.84619141e-02
  1.01725257e-03  1.24023438e-01 -2.08048508e-01  8.96809921e-02
  1.92057285e-02  7.97119141e-02  6.00585938e-02  7.96712264e-02
  2.53906250e-02 -3.86962891e-02 -3.91438790e-02 -1.04288734e-01
 -7.94881210e-02  2.05647781e-01 -6.66503906e-02  2.85156250e-01
  7.22656250e-02 -5.04964180e-02  6.87662745e-03 -5.30598946e-02
 -1.39099121e-01  8.28043651e-03 -1.44856768e-02  1.56250000e-02
 -6.11979179e-02  5.81258126e-02  3.35286446e-02 -7.08007812e-03
 -1.10026039e-01 -1.01826988e-01  1.72526035e-02  5.97330742e-02
 -4.10868339e-02  1.56250000e-02 -5.80240898e-02 -4.39453125e-02
  4.86653633e-02 -1.32649735e-01 -1.24420166e-01 -1.26068115e-01
  4.82991524e-02 -4.30653878e-02  1.49739580e-02 -7.85827637e-03
  1.79036465e-02 -1.12508141e-01  1.81925461e-01 -4.47184257e-02
  1.45670578e-01  2.92968750e-02 -1.76757812e-01 -5.91634102e-02
  6.78710938e-02  7.03125000e-02  1.46484375e-03 -4.31315089e-03
  1.79361984e-01  5.02115898e-02 -1.67968750e-01 -1.12589516e-01
 -1.42252609e-01  4.30908203e-02 -1.29912853e-01  9.98535156e-02
 -1.71203613e-02 -8.66699219e-02  3.58072929e-02  3.43577079e-02
  4.10970040e-02 -5.87565117e-02  1.28702804e-01 -9.52148438e-03
 -1.73339844e-01  1.56544998e-01 -2.91015625e-01  6.67317724e-03
 -1.44897461e-01 -8.74837220e-04  1.24796547e-01  2.52278652e-02
  1.13220215e-02  2.60416660e-02 -5.22460938e-02 -1.18815107e-02
  7.32421875e-03  4.75260429e-02 -9.96907521e-03 -2.52278638e-03
  7.08007812e-02  7.12890625e-02  5.61523438e-02  2.06054688e-01
 -9.24275741e-02 -1.02650963e-01  7.12890625e-02 -3.49934888e-03
  1.90429688e-02  3.36914062e-02 -1.16617836e-01 -4.75260429e-02
  7.52970353e-02 -6.39648438e-02 -7.56835938e-02  3.28776054e-02
  2.68880218e-01 -4.23990898e-02  2.08333328e-01 -9.67814103e-02
  9.24479142e-02 -1.07421875e-02  5.22041321e-02 -1.07788086e-01
  3.69466133e-02  1.16210938e-01 -1.07747398e-01  2.04427078e-01
 -8.57747421e-02 -5.15950508e-02 -3.62955742e-02  1.45711258e-01
  1.78629551e-02  1.33463547e-01  9.14713517e-02  2.07031250e-01
 -4.26025391e-02 -5.40364571e-02  2.11791992e-02 -1.68090820e-01
 -1.07177734e-01  7.12890625e-02 -5.94075536e-03 -5.23681641e-02
 -1.54825849e-02 -1.30208328e-01 -1.66015625e-01  9.87955704e-02
  3.15602608e-02  1.62760410e-02  1.37354536e-02 -7.03125000e-02
 -3.87369804e-02 -1.17085772e-02 -1.20117188e-01  2.76489258e-02
  1.22558594e-01 -2.96223965e-02 -2.29817703e-01  4.35384102e-02
 -6.03841133e-02  1.26088455e-01  1.70898438e-01 -4.06901032e-04
  1.10432945e-01 -1.35945633e-01  6.38224259e-02  2.19726562e-02
 -1.06160484e-01 -7.87760392e-02  1.69921875e-01 -4.28873710e-02
 -1.15152992e-01 -2.12402344e-02  1.70247391e-01 -1.21093750e-01
  3.58072924e-03  6.83593750e-02 -2.40071621e-02  1.18977867e-01
  1.29069015e-01  5.32226562e-02  5.89192696e-02 -1.79036453e-01
 -3.36100273e-02  1.19222002e-02 -1.48111982e-02  1.13606773e-01
 -1.00834770e-02  3.98763036e-03  7.77587891e-02  7.29166642e-02
  7.09635392e-02  1.52994795e-02 -8.02612305e-02 -6.36444092e-02
  2.03857422e-02 -2.34375000e-02 -9.86938477e-02 -8.60799178e-02
  1.17533363e-01 -7.62532577e-02 -1.51367188e-02 -1.62760422e-04
 -7.20214844e-02  1.12060547e-01 -1.66422531e-01 -9.40755233e-02
 -3.62141919e-03 -7.12890625e-02  1.30208330e-02 -1.02539062e-02
 -5.25716133e-02  1.88639328e-01  1.31429031e-01  1.10107422e-01
 -1.57714844e-01 -1.66015625e-01 -1.10839844e-01 -9.78190079e-02
  1.35355636e-01 -4.45353203e-02  2.47395840e-02  1.78792313e-01
 -8.76464844e-02 -1.15559893e-02 -8.04036483e-02 -1.60644531e-01
 -7.88167343e-02  1.71264648e-01 -2.13216152e-02  9.73307267e-02
 -2.07356766e-01  6.11775704e-02  6.41682968e-02  8.36588517e-02
 -2.50651035e-02 -3.86149101e-02  9.14713517e-02 -3.70076485e-02]";"[-4.97923121e-02  8.71940479e-02  4.41270918e-02  2.59940177e-01
  1.11520186e-01 -8.69320035e-02  1.40036449e-01  6.57142177e-02
  1.27717033e-02  3.13833617e-02  1.77036561e-02  1.57294478e-02
 -7.41480663e-02 -1.16250888e-02 -1.47571027e-01 -9.42553654e-02
 -1.93353742e-04  1.52515434e-03 -1.22106737e-02 -1.32722497e-01
 -4.22770716e-02 -1.15561366e-01 -2.02151328e-01  1.34218305e-01
  1.90966666e-01  1.68124437e-02 -9.16539878e-02  6.64752349e-02
 -8.66407603e-02 -1.37006454e-02  9.89008695e-04  9.68467221e-02
  1.00986231e-02  2.87810862e-02 -3.80072035e-02  3.49608548e-02
 -5.48040122e-02 -2.02400774e-01 -6.01981506e-02  1.39597416e-01
  4.57914621e-02  2.45973840e-03  3.45928743e-02 -5.56057692e-03
  1.89471439e-01  2.21934721e-01  7.03845322e-02 -4.58197519e-02
  6.55352920e-02 -7.74037987e-02  1.10132158e-01 -7.33476132e-03
  5.45501336e-02 -2.58100219e-02 -7.94540942e-02 -8.66831020e-02
  3.63968834e-02 -1.39115691e-01  1.14515245e-01 -2.84566045e-01
  3.83144878e-02 -1.37713730e-01 -1.45258963e-01 -5.95434755e-02
  1.42309144e-02 -1.38573721e-03  8.35646596e-03 -8.48912746e-02
 -1.10988177e-01  6.86599500e-03  6.52733147e-02  1.31542683e-01
 -1.05272010e-01 -1.66635603e-01 -2.82370113e-02 -9.64467227e-02
  7.62934312e-02 -1.77355587e-01 -1.36653513e-01  2.76396126e-02
 -7.21270815e-02  1.06096283e-01 -1.96126802e-03 -1.48622006e-01
  1.91038147e-01 -9.56098959e-02  5.72064221e-02  1.36374645e-02
 -1.76215425e-01  2.13327795e-01 -2.34621614e-02 -7.69804642e-02
 -1.15935847e-01 -7.78094009e-02  4.68422771e-02 -6.90973923e-03
  1.46192759e-01 -1.24144219e-01  1.49049431e-01  1.19470552e-01
  6.29476607e-02 -8.16476345e-02  1.02509513e-01 -6.47337735e-02
  1.40045863e-02 -8.99998695e-02 -8.07370543e-02  9.43992287e-02
  2.77294032e-03  7.92428926e-02 -4.11562882e-02 -7.68113211e-02
 -8.74716043e-03  1.06625684e-01  1.00481093e-01 -3.88182364e-02
 -2.08251700e-02 -2.65507195e-02  3.86615023e-02 -1.89775601e-02
  3.35680366e-01  6.86760992e-02 -6.30124360e-02 -1.05667047e-01
 -3.04788142e-01  8.77524465e-02  8.34542438e-02 -2.71414723e-02
 -4.96508256e-02  9.48934108e-02  1.12229310e-01  1.06091924e-01
 -2.15036482e-01 -1.60906613e-01 -9.69173461e-02  7.96316341e-02
 -3.61228250e-02 -1.07863821e-01  1.61825195e-02  1.50486175e-03
  1.41760945e-01 -7.15255886e-02 -1.11207552e-01  1.93918437e-01
  1.20826006e-01 -3.74616645e-02 -2.09348649e-01 -1.59010217e-01
 -1.47624612e-02  1.12769164e-01 -3.09696138e-01 -1.14672959e-01
 -1.13182664e-01 -4.41938974e-02 -3.22360173e-02 -1.73419323e-02
 -1.70685217e-01 -1.28864050e-01 -6.30219504e-02  1.64051712e-01
  4.57216986e-02  1.17515028e-01 -2.31946170e-01 -3.43682393e-02
  1.12952426e-01  1.40970215e-01 -7.85015523e-02 -6.73132092e-02
  3.99266928e-03  3.19207758e-02  7.15854913e-02  9.57688317e-02
  2.65028447e-01 -2.00982720e-01 -4.67610508e-02  1.40132844e-01
 -2.41468996e-01 -1.95731204e-02 -1.65797323e-01 -2.39979029e-02
  3.27218212e-02  7.17469603e-02 -1.37517676e-01 -1.31665453e-01
 -6.68336451e-02  9.44963470e-02  5.92158474e-02  5.28066382e-02
  1.02940053e-01 -6.71892166e-02  2.40052640e-02 -7.02987462e-02
 -9.35613215e-02  1.35491237e-01 -4.45659123e-02 -7.85581321e-02
  1.16239622e-01 -7.54719824e-02 -2.82251798e-02  4.58900854e-02
  2.78114900e-03 -4.51100580e-02  6.66540265e-02 -2.57329881e-01
  1.43595040e-02  8.51851702e-02  3.45753282e-02  6.71681017e-02
  9.46223661e-02  2.54277140e-03  7.93229416e-03 -1.30604580e-03
 -1.63433049e-02 -8.81779194e-03 -1.47579044e-01 -1.75697058e-01
 -2.46030763e-02 -9.53121036e-02 -1.17356546e-01 -5.09070270e-02
  1.14092499e-01  6.32424653e-02  1.01093873e-01 -2.35768035e-01
  3.24753523e-02 -3.04582089e-01 -2.80659236e-02  8.33705068e-02
 -7.27421343e-02  2.39347100e-01  8.82155448e-02 -5.58316708e-02
  9.86034498e-02  1.06754482e-01  8.78602192e-02  7.21703395e-02
 -1.65354475e-01  3.58455852e-02  1.14342399e-01 -3.39528620e-01
  4.07683253e-02 -1.29974261e-01 -1.48399957e-02  4.08034585e-03
 -5.68301976e-02  2.70507410e-02 -1.14257090e-01 -1.69690698e-02
 -5.68474196e-02 -4.24593687e-02  1.35298148e-01  3.34706083e-02
  1.30520403e-01  1.64508864e-01 -7.10161328e-02  6.97787404e-02
  1.89886779e-01  1.46541238e-01 -1.46173418e-01 -9.12482589e-02
 -2.24830881e-02  1.26114517e-01  5.99952415e-03 -9.68657434e-02
 -2.40334213e-01  7.20701814e-02  1.25928298e-02 -1.95035338e-03
 -7.04466999e-02 -1.40918165e-01 -1.37807935e-01  1.93307158e-02
  9.95257348e-02  4.73895483e-02  4.68880218e-03 -7.38450652e-03
  9.06830654e-03  2.81040687e-02 -6.24911413e-02  3.16463634e-02
  1.96581125e-01 -4.89441529e-02  7.53205419e-02  1.19947538e-01
  6.35415539e-02  6.63218126e-02 -1.18575700e-01 -6.74355701e-02
  4.56812717e-02  1.77941099e-01 -2.77812146e-02  5.59435561e-02
  9.00018960e-02  6.68421574e-03 -9.93430242e-02 -4.48102877e-03
 -3.69734205e-02 -1.51098862e-01  1.37426704e-01  1.81570724e-01]";"[ 2.39296541e-01 -1.02889568e-01 -3.77222836e-01 -3.41555089e-01
 -1.27358958e-02  1.15615964e-01 -1.71832010e-01  9.24710810e-01
  1.33644557e-02 -1.07064657e-01  5.00201344e-01  1.29844069e-01
  4.32615131e-01 -5.36704510e-02  9.55894887e-02 -1.78191155e-01
  1.18572623e-01  3.80406082e-01  7.57340372e-01 -2.21090928e-01
  6.38425872e-02  5.83194792e-02  1.53795287e-01  9.68789682e-02
 -3.54089588e-02  1.20312378e-01 -3.48667562e-01  2.74398401e-02
 -2.35645294e-01  8.27994794e-02  7.26675242e-03  2.17935815e-01
 -2.52535611e-01 -9.98021364e-02  1.98456511e-01 -1.68555126e-01
  5.30868948e-01  2.10176960e-01 -1.68265805e-01 -2.10326351e-02
 -4.23380524e-01  5.83150685e-02  4.06635135e-01  2.01351613e-01
  3.51620644e-01 -2.87494883e-02 -3.23304129e+00  1.10713124e-01
  1.74102530e-01  7.00953826e-02  2.20964327e-02 -5.30319452e-01
  6.87046275e-02  6.43823385e-01  3.05930108e-01  5.16055346e-01
 -2.55956501e-01  3.29417437e-01  1.50184810e-01  1.83132440e-02
  4.70429808e-01  1.26858786e-01  1.34270445e-01 -4.49591465e-02
  9.97251347e-02  2.20814466e-01 -6.92597264e-03  5.78713082e-02
  1.84186295e-01  1.96877196e-01 -4.91726875e-01  9.06793848e-02
  2.31777430e-01 -6.22139156e-01  1.26540348e-01 -1.60514027e-01
  2.75800288e-01 -1.41395405e-01 -2.90762097e-01  1.07205883e-01
 -1.63810402e-02  5.16875803e-01  3.91579688e-01  2.21827090e-01
  1.64516121e-01 -8.51468369e-02 -1.04633141e+00 -5.02863050e-01
  4.18806046e-01  1.89280644e-01 -3.84145707e-01  2.37951815e-01
  2.33657286e-01  1.14462972e+00 -6.95015863e-03 -9.16074663e-02
 -9.65010151e-02  1.62311733e-01  5.29008694e-02  8.74667466e-02
  3.00005764e-01 -2.34734923e-01  1.19341955e-01 -6.06256872e-02
 -1.86372682e-01 -7.25518614e-02  7.74110667e-03 -2.33090073e-01
 -2.96642482e-01 -2.61614156e+00  6.01062655e-01 -2.92006999e-01
 -9.89268199e-02 -1.47976413e-01 -2.89345235e-02  5.75338364e-01
  9.15583074e-02  3.96221936e-01  4.85992819e-01 -1.23452730e-01
 -5.28890431e-01  2.33479142e-01  5.09578455e-03 -2.49098450e-01
  7.66072497e-02 -1.15259767e-01 -2.28304639e-01 -1.10741273e-01
 -5.15195370e-01 -3.16946208e-01  2.87397176e-01  6.13222420e-01
  9.60903615e-02 -8.53330791e-02 -1.86038092e-02 -1.38833344e-01
  2.98639238e-01 -1.13779306e-01 -1.66139409e-01 -7.49270797e-01
 -3.15971911e-01  1.59766570e-01 -2.73409414e+00  1.56278670e-01
  2.71931976e-01 -1.56166717e-01  1.44572392e-01 -2.26210847e-01
 -1.22053571e-01 -1.92442939e-01  3.80334169e-01  3.97681028e-01
 -1.74947694e-01 -1.59463227e-01 -1.05184257e-01  9.40796435e-02
 -3.55822563e-01  2.28958100e-01  5.23341522e-02  3.32060337e-01
  4.61396813e-01 -1.93205029e-01  1.13368526e-01  4.94277269e-01
 -9.18132514e-02  2.04698384e-01 -1.00092076e-01 -5.34687713e-02
  2.53602028e-01 -9.42235440e-02 -2.10162215e-02  1.22210212e-01
  6.70095980e-01  1.31083682e-01 -1.74946234e-01 -1.68511301e-01
  9.26091895e-02  1.67965442e-01 -1.27768770e-01  3.51341307e-01
 -1.67364106e-01  2.90978819e-01  3.31868589e-01  4.36983630e-02
  3.67993027e-01  1.99121863e-01  2.45495886e-01  7.90570676e-02
  1.40914902e-01  1.17382526e-01 -3.47177863e-01 -4.92904305e-01
 -7.67019540e-02 -1.79468960e-01 -1.33498639e-01 -1.68680698e-01
  5.06705344e-02 -6.90673947e-01  1.45651147e-01 -2.52183408e-01
 -1.17837623e-01  2.00851187e-01  1.30698234e-02 -6.55388832e-02
  2.38953754e-02  4.28901958e+00  9.65557992e-02 -3.79953563e-01
  6.36010289e-01  4.47294146e-01 -3.87640834e-01  1.93991154e-01
 -5.59963211e-02  1.10388443e-01  3.76774464e-04  4.29284543e-01
 -1.82037830e-01  4.74079996e-02  3.68155539e-01  5.34420460e-02
  4.60494816e-01  2.15361238e-01 -5.31441927e-01  9.10987705e-02
 -4.34574455e-01 -2.46364743e-01 -1.91127509e-01  7.33550310e-01
  3.13815534e-01 -1.55455613e+00  1.20587699e-01  1.14618704e-01
 -3.15153688e-01  1.61845200e-02 -3.45596410e-02  1.52330801e-01
  6.91651553e-03 -5.89760840e-02  1.71117052e-01  5.67210838e-02
 -1.06755875e-01  3.50068003e-01 -2.74864167e-01  2.17239350e-01
 -2.18894318e-01  5.04725516e-01  4.57205951e-01 -3.73025000e-01
  2.54120529e-01  1.37555689e-01  6.34342253e-01  1.63343549e-02
  4.85316396e-01 -7.58842379e-02 -2.41501451e-01  3.01381022e-01
 -1.99756771e-01  1.47320211e-01  4.47384417e-02 -4.24820334e-01
  4.32839930e-01 -1.78046137e-01 -1.94200873e-01  1.36323169e-01
 -3.22625607e-01 -4.88101132e-02  3.99316549e-01 -1.40706226e-01
  1.98069692e-01 -2.46333390e-01  2.03247756e-01 -1.04793452e-01
 -2.32954592e-01 -3.67747426e+00 -1.09961048e-01  2.91276485e-01
 -3.91577870e-01  4.26549643e-01 -1.89282045e-01 -2.45177597e-01
  1.29332736e-01 -3.16931039e-01 -6.55934095e-01  4.41428155e-01
 -1.18488148e-02  1.45637035e-01  3.02336156e-01 -4.01202321e-01
  2.10888296e-01  1.41314100e-02  1.17676541e-01 -1.33368805e-01
 -4.79210049e-01 -7.29859918e-02  5.26401997e-01  6.92262426e-02
 -1.48538509e-02  5.46241045e-01 -2.99534351e-01 -3.21899474e-01
 -1.26284398e-02  2.10712910e-01  8.15133750e-02 -1.42689690e-01
  1.28195718e-01 -2.24251240e-01 -2.22506866e-01 -4.52417314e-01
 -2.86647367e+00  4.86068726e-01 -3.78198683e-01 -4.07522529e-01
  1.66510388e-01 -2.17526495e-01  8.07574540e-02 -3.74468237e-01
 -4.51380908e-02  1.16213664e-01  2.29052216e-01  3.07085589e-02
  1.68282777e-01 -8.01752135e-03  6.65811121e-01 -4.20804679e-01
  3.71210814e-01 -4.29974258e-01  2.91696042e-01  2.03886703e-01
  1.72488779e-01  3.80924165e-01 -8.77803192e-03  7.71095604e-03
  4.20645267e-01  6.31540775e-01 -7.18645036e-01 -2.11503848e-01
 -2.22802460e-01 -1.54250383e-01  1.67634651e-01 -1.66427910e-01
 -3.59834909e-01 -2.43371546e-01  8.97442829e-03 -4.74220291e-02
 -1.93226710e-03 -2.11144730e-01  2.07205161e-01 -4.27869223e-02
  1.37168411e-02  3.57988954e-01  1.42404944e-01  3.60547096e-01
  4.94319230e-01  3.42475474e-02  3.98720324e-01 -2.77813673e-01
  1.97051555e-01  3.72587681e-01  4.34550762e-01  4.84003425e-02
  1.25787687e+00 -7.90458620e-02 -1.36853680e-01 -1.96170211e-01
  2.14673191e-01  5.22092842e-02 -1.49256706e-01  2.15545446e-01
  5.55831313e-01 -3.43776107e-01  4.81082052e-01 -3.81122768e-01
 -5.24138175e-02 -2.65325099e-01  2.19447240e-01 -4.02396917e-01
  1.67956296e-03  1.16791040e-01  1.96282774e-01 -8.33130255e-02
 -6.28344476e-01 -1.48844099e+00 -3.12438533e-02  8.39113146e-02
 -2.03922927e-01  1.20803408e-01  1.40783176e-01 -1.13536678e-02
  7.00090647e-01  9.04192477e-02 -1.05202705e-01  2.97279686e-01
 -6.87644243e-01 -3.55958730e-01  2.23299377e-02  2.39628553e-02
 -4.70771402e-01 -1.33171320e-01  5.74106947e-02  4.27234888e-01
  2.37285703e-01  1.00863166e-01  5.22310317e-01  2.08861411e-01
  5.75184748e-02 -1.11569715e+00  2.28378594e-01 -2.63507009e-01
 -2.20433295e-01 -2.01019913e-01 -3.14243317e-01  3.73772264e-01
 -3.73846330e-02 -1.66047335e-01 -2.67108321e-01 -4.06949148e-02
 -2.84278095e-02  5.26886880e-01 -1.57422259e-01 -2.48092517e-01
  4.40209299e-01  3.48291457e-01  5.83309770e-01 -1.13839939e-01
  4.47634518e-01  1.90730065e-01  3.50063741e-02  1.08236782e-01
  1.68569863e-01  1.31159171e-01 -6.97381124e-02 -2.64522582e-01
 -3.21168870e-01 -2.01595768e-01  3.41037720e-01 -4.75619376e-01
 -3.32030177e-01 -4.81511429e-02  1.97510310e-02  6.83745518e-02
 -6.99252248e-01 -6.40976846e-01 -2.87958145e-01 -3.38177383e-01
 -6.10836387e-01  3.01282853e-01  1.23070247e-01  2.30633214e-01
  4.33218896e-01 -3.36757153e-01 -1.94834068e-01 -1.42368734e-01
 -3.94223809e-01  5.08850276e-01 -3.54224265e-01  1.33073568e-01
  2.11499602e-01  4.26682830e-01 -2.75280774e-01  4.35048640e-02
  1.58522040e-01 -2.11880326e-01  8.38127583e-02 -1.02098286e-03
  5.09506226e-01 -3.00593406e-01  2.32329622e-01  2.20340997e-01
  7.79197216e-02 -2.36432076e-01 -1.05500770e+00  4.43669468e-01
  2.37922639e-01  3.37481111e-01  6.41459763e-01 -1.36316061e-01
  1.29222460e-02  6.02806747e-01 -1.50152966e-02 -2.58066535e-01
 -8.97344053e-02  9.61952358e-02 -6.99818786e-03  4.33355391e-01
  2.33385533e-01 -2.17448428e-01 -8.60055536e-03 -2.85175264e-01
  2.68692017e-01 -5.41787922e-01 -1.60509527e-01  1.92564785e-01
 -1.55599751e-02 -7.06630945e-03 -2.44280949e-01 -1.05734028e-01
  1.88616306e-01  6.51901007e-01  1.82183981e-01  6.87196702e-02
 -2.62972284e-02 -4.54322606e-01 -6.64039135e-01 -5.85860536e-02
 -1.11695245e-01  9.44242403e-02  5.15655242e-02 -3.94069731e-01
  3.69338602e-01 -2.45748088e-01 -5.11969090e-01  1.62060410e-01
  8.95143002e-02 -5.50912693e-02  1.89526349e-01  2.37641111e-01
 -3.00457180e-01  1.43440306e-01  1.61066771e-01 -1.14545114e-01
 -4.45347309e-01 -7.61649534e-02 -2.01992482e-01 -1.14323691e-01
  8.69717821e-03  2.93817908e-01 -3.69819015e-01 -5.58426939e-02
 -5.04544199e-01 -2.24225700e-01  2.79088199e-01 -3.63965273e-01
 -2.58660644e-01  4.55416441e-02 -3.27772409e-01 -7.95777619e-01
 -2.43859529e-01 -2.22202778e-01 -9.07199085e-01 -5.54237515e-04
  2.52759784e-01 -3.04660559e-01  8.66916329e-02  3.18888098e-01
 -5.93680978e-01  1.79295585e-01  2.74433255e-01  1.46562457e-01
  2.38981664e-01 -2.74000198e-01 -3.28328386e-02  3.27534407e-01
  1.11097731e-01 -6.07807815e-01  2.96244681e-01  1.11916594e-01
  2.15154305e-01  4.11950350e-02 -1.43623263e-01 -1.99475020e-01
 -5.80911875e-01 -3.35232735e-01  3.67998153e-01 -8.46864730e-02
 -2.81922311e-01 -5.16799986e-02  3.98353130e-01  1.87741145e-01
 -2.06063777e-01  1.90233454e-01 -3.55406821e-01  2.43429899e-01
  1.35747999e-01  8.46103132e-02 -4.05379921e-01  3.90622318e-02
  7.77590036e-01 -3.93137515e-01 -1.56030953e-01 -3.34816277e-01
  3.23468149e-01 -1.36988722e-02 -4.92509514e-01 -8.31279606e-02
 -5.83198741e-02 -3.60428274e-01  4.31701511e-01 -4.88804877e-01
  2.19503164e+00  3.52837682e-01  2.06420720e-02 -4.16441828e-01
  3.46044660e-01  1.37873560e-01 -1.67430818e-01  2.77585864e-01
 -5.14059246e-01  1.18788719e-01 -2.59641230e-01  3.31916839e-01
  1.11541644e-01  3.76574755e-01  5.99355578e-01 -3.91345695e-02
  2.12343261e-02  2.11171985e-01 -7.77981460e-01  2.35176072e-01
 -5.71935028e-02  3.55446577e-01  1.04071870e-01  3.94684672e-01
  3.73338193e-01  7.99633980e-01  2.27078497e-01  5.37579730e-02
  1.46133900e-01  8.55754912e-02  3.22478823e-02 -3.91412705e-01
  2.13969871e-01 -1.77594900e-01 -2.62205064e-01 -1.24318391e-01
  8.72975290e-02 -2.88181543e-01 -5.80348611e-01 -3.01369101e-01
  4.65662152e-01 -4.34850693e-01  5.41782141e-01  1.63523242e-01
  4.29059863e-01  2.51898289e-01 -2.77361155e-01 -4.40191627e-01
 -1.26721635e-01  5.11154413e-01  7.91643634e-02  1.51854679e-01
 -4.14051823e-02  2.89546251e-01 -2.36329377e-01 -2.74862915e-01
  3.44182462e-01 -5.52492738e-01 -8.52199867e-02  2.24753261e-01
 -4.67608035e-01  1.63330749e-01 -6.73638731e-02 -1.32372245e-01
 -7.20009208e-02  2.08117291e-01 -3.41083229e-01 -5.03242314e-02
  5.09753168e-01 -2.54215300e-01 -2.96565831e-01  6.33168936e-01
  6.86694309e-02  3.70934755e-01  4.99827236e-01  1.29220262e-01
  4.31925148e-01 -4.09846678e-02  5.95609173e-02 -2.75789976e+00
  2.54616290e-01 -5.23286499e-03  8.73048604e-02  1.10758267e-01
 -1.73348218e-01  5.59666514e-01 -4.82093751e-01  1.58879504e-01
  1.74193233e-01  2.57009476e-01  6.68347061e-01  6.85825467e-01
 -1.47807151e-01  1.85744986e-01 -5.27942292e-02 -2.59072274e-01
 -2.99687743e-01  3.56901169e-01 -3.72510180e-02  2.51767248e-01
  1.96304619e-01  1.15709834e-01 -4.27619338e-01 -4.89682853e-01
  6.12150609e-01 -1.84753910e-01  3.13602149e-01  2.04798386e-01
 -1.27903089e-01 -2.46609747e-03  4.89056319e-01 -4.74331498e-01
 -3.10577974e-02  6.82390928e-02  1.03387661e-01 -7.63294101e-01
 -2.45767832e-03  3.46190542e-01  5.03730893e-01  5.95483407e-02
  3.88138473e-01 -1.25434190e-01  3.87297958e-01  3.90759468e-01
 -1.17417328e-01  5.86773753e-01  1.08969159e-01  4.64567602e-01
  1.93909928e-03  1.96711123e-01  3.99979264e-01  2.27280170e-01
 -3.62905771e-01  1.64330661e-01 -3.36989939e-01  7.31849521e-02
  8.65922123e-02 -1.94444302e-02 -3.32689553e-01 -1.50656089e-01
  4.19678718e-01 -3.38571221e-01  2.06109807e-01  5.73856235e-01
 -2.08847299e-01  2.57677794e-01 -2.50148445e-01  1.28368184e-01
 -5.66991270e-02 -6.53152540e-02 -3.88968647e-01  5.71053624e-01
 -8.98045450e-02 -1.31095827e-01 -2.04176217e-01  2.88777798e-01
  3.99188578e-01 -2.25455806e-01  4.14343402e-02 -2.43443146e-01
 -2.87546590e-03 -2.81957895e-01 -2.81788826e-01 -3.35126430e-01
 -7.44539118e+00  1.25764906e-01  6.16279483e-01 -5.77977777e-01
 -5.04953623e-01  1.57125935e-01 -3.34508002e-01 -8.82063806e-01
  2.68687233e-02 -2.05401137e-01  4.33614179e-02 -1.57387644e-01
 -4.64247316e-01 -4.15948778e-02  2.73317814e-01  1.84653118e-01]"
And then I had the opportunity to take it over, but I didn't have the money or the collateral, so I had to go to my mom and my sister.;And then I had the opportunity to take it over, but I didn't have the money or the collateral, so I had to go to my mom and my sister.;"[('And', 'CONJ'), ('then', 'ADV'), ('I', 'PRON'), ('had', 'VERB'), ('the', 'DET'), ('opportunity', 'NOUN'), ('to', 'PRT'), ('take', 'VERB'), ('it', 'PRON'), ('over', 'PRT'), (',', '.'), ('but', 'CONJ'), ('I', 'PRON'), ('did', 'VERB'), (""n't"", 'ADV'), ('have', 'VERB'), ('the', 'DET'), ('money', 'NOUN'), ('or', 'CONJ'), ('the', 'DET'), ('collateral', 'NOUN'), (',', '.'), ('so', 'ADP'), ('I', 'PRON'), ('had', 'VERB'), ('to', 'PRT'), ('go', 'VERB'), ('to', 'PRT'), ('my', 'PRON'), ('mom', 'NOUN'), ('and', 'CONJ'), ('my', 'PRON'), ('sister', 'NOUN'), ('.', '.')]";0.0;[0. 0. 0. ... 0. 0. 0.];"[-0.01626864  0.02384177  0.05380943  0.14863153 -0.02371216 -0.02174655
  0.04161349 -0.09585294  0.03951472  0.06280041 -0.05901545 -0.15211071
 -0.03658919 -0.03767534 -0.10597575  0.04667802  0.10477794  0.08419383
  0.03204623 -0.02581926 -0.07103383  0.07705688  0.11534535  0.00716504
  0.0217729   0.04248324 -0.12248646  0.00321822  0.00996052  0.01698719
  0.03638739  0.04725231 -0.0753701   0.00861844 -0.00684461  0.00818426
  0.03185541 -0.04562239  0.00524902  0.04203103  0.06341969 -0.02647261
  0.17346781 -0.04980469  0.02763367  0.02337577 -0.01025113 -0.02437397
  0.05249023  0.00038979 -0.00070745  0.03977966  0.01604947  0.02591879
 -0.05660179  0.07017379 -0.03342438 -0.00502569  0.0569999  -0.07752921
 -0.01213906  0.03606346 -0.04816229 -0.05643532 -0.03100655 -0.09126975
 -0.06001178  0.06529929 -0.05335999  0.0483359   0.06839544  0.04350003
  0.04409929  0.06972989 -0.13235751 -0.06132923  0.0898493   0.10515248
  0.063926    0.07283437 -0.02306158 -0.06755673  0.08630371 -0.01979706
 -0.08392611  0.00968933 -0.04520208  0.13391946 -0.07235163  0.02190746
  0.0157547   0.08175936 -0.03064242 -0.11843872 -0.05013761 -0.01725492
 -0.0227134   0.07672536  0.0390736   0.0177217  -0.05041877 -0.08707774
  0.0214816  -0.00561523 -0.05215732 -0.001426   -0.05114191 -0.01452914
  0.07267068 -0.0957711  -0.1409718  -0.05267612 -0.01615856 -0.01153981
  0.09839977  0.02003063  0.03421159 -0.07292314  0.0602306  -0.01199618
 -0.07258745 -0.0344755  -0.08984029  0.06893921 -0.03530329 -0.04683616
 -0.05633736 -0.03718983  0.02428644  0.01226252 -0.09197721 -0.11744343
 -0.09049849  0.00613126 -0.03305401 -0.09205211 -0.01508678  0.00820091
  0.01503129  0.04499678  0.03586266 -0.08258612  0.04870913 -0.0239563
  0.01402421  0.04386208 -0.12226729 -0.07766446 -0.07818742 -0.00829662
  0.04730363  0.01928156 -0.13469905  0.04575695 -0.04021385 -0.00818149
 -0.0411911  -0.06150679 -0.07617465  0.03014304  0.03715377  0.04101008
 -0.02455     0.12585658 -0.01609109 -0.13664661  0.06880534 -0.01250388
  0.0055379  -0.03143311 -0.14433497 -0.02520752 -0.06760337 -0.11095849
 -0.04685211  0.01117498  0.13753995 -0.11320079  0.07167747 -0.01957841
 -0.02883911 -0.01405473  0.03140484  0.05405495  0.01109037 -0.05288488
 -0.06958008  0.06326017  0.09982023  0.00694136  0.01010964  0.0478904
  0.01353038  0.00930647  0.02390359  0.0464103  -0.01416536  0.00406924
 -0.01178603 -0.20326926 -0.05334264  0.05446833 -0.01888483  0.00486582
  0.04358742 -0.04454457 -0.08410089 -0.00374256  0.03443354  0.02246371
  0.01975181  0.07035966 -0.08522589  0.03081399 -0.12838191 -0.01537184
  0.14658703 -0.01108204 -0.11338668 -0.04765251 -0.06939697  0.04544483
  0.02817882 -0.02865601  0.07361395 -0.11283736  0.05161632  0.05320601
 -0.01041898 -0.04363459  0.06194999 -0.04081587  0.03167447 -0.03511047
  0.07988496  0.01432384 -0.0064947  -0.01850475  0.06852029 -0.02752998
  0.03145565  0.00295188  0.02464156 -0.09136278 -0.04176747  0.00979337
 -0.01978094  0.09044855  0.01104018 -0.01256214  0.09644595  0.01220703
  0.05502042  0.06150679  0.04179521 -0.02442169  0.05243059  0.02521029
 -0.06794184 -0.08233088  0.00156195 -0.00557085 -0.04600109  0.02834251
  0.03349166  0.12754683 -0.02950634  0.05356945 -0.03519787 -0.00872525
  0.04468606  0.0902599   0.12315785  0.07745916  0.04805062 -0.09397195
 -0.02336814 -0.13754272 -0.05438787 -0.01213256  0.0433738  -0.03145738
  0.05851884  0.11207719  0.01329734  0.03819986  0.00181597 -0.02969638
 -0.05864091  0.05081593 -0.06393155  0.09750643 -0.11679077  0.00698298
 -0.0328957  -0.01814686 -0.01617917 -0.05503707  0.00205716 -0.0469773 ]";"[-2.27371734e-02  7.93745592e-02  7.95908179e-03  1.66575879e-01
 -6.78477213e-02 -5.50915673e-02  1.97477356e-01  5.94511554e-02
  7.12407753e-02 -5.82173243e-02  6.28674552e-02  7.03123771e-03
 -5.68615720e-02  1.28250686e-03 -8.87701809e-02  5.98838599e-03
 -5.38016558e-02 -6.31426275e-02 -1.35948909e-02  1.47101674e-02
 -1.99907720e-02  2.17270758e-02 -1.60105363e-01  1.06500320e-01
  1.30881414e-01 -6.54695556e-02 -1.35584101e-01  1.23845801e-01
 -2.05470920e-02  5.75600043e-02  5.26834391e-02 -4.37085219e-02
  8.98567736e-02 -5.40445484e-02 -2.77384557e-02  5.58422022e-02
 -2.77385279e-03 -1.27902254e-01 -1.41219467e-01 -5.86180165e-02
 -8.30192640e-02  1.37749864e-02 -2.32240465e-03 -6.80416971e-02
  8.37279633e-02  1.13245852e-01  1.05519682e-01  1.83648244e-02
  5.80060668e-02 -2.72218063e-02  1.31133825e-01  2.62750164e-02
  1.79514475e-02 -3.93783599e-02 -1.00204632e-01 -6.64922446e-02
  5.84558472e-02 -2.94031333e-02  2.87130494e-02 -1.09516725e-01
  3.52276526e-02 -3.77256274e-02  5.84208556e-02  1.00657344e-01
  9.68735069e-02  4.37019691e-02 -4.76332642e-02 -4.20935452e-03
 -2.51968484e-02 -4.78792004e-02  3.51782218e-02  7.84316733e-02
  2.84194364e-03  2.01333687e-02  2.53109802e-02 -1.91292271e-01
  5.55364089e-03 -7.59473676e-03 -2.23840941e-02  2.76906397e-02
 -8.32701251e-02 -5.73265366e-02 -2.01563239e-02 -1.53910518e-02
  6.70716166e-02 -5.13087772e-02 -7.59095699e-02  5.10249957e-02
  2.58421302e-02  9.22620669e-02  1.03248172e-01 -9.04455036e-02
  1.98295545e-02 -3.28168981e-02  8.36360827e-03 -2.40594167e-02
  1.49682581e-01 -5.84322177e-02 -2.29439232e-02  8.64739493e-02
 -9.30266231e-02 -2.88952608e-02 -1.63747258e-02  3.64893936e-02
  2.93359291e-02 -1.46563202e-01 -2.75465734e-02  1.17666617e-01
 -6.15940131e-02  9.87842381e-02 -4.14309502e-02 -2.60368623e-02
  8.62103552e-02 -2.05067564e-02  7.99197704e-02 -5.66307232e-02
  8.09434950e-02 -1.39404517e-02  1.31260008e-01 -1.05286188e-01
  1.10433407e-01  2.29198128e-01 -8.27774114e-04  5.84365148e-03
 -1.42388463e-01  2.73322240e-02 -2.08075624e-03 -6.02488890e-02
 -5.80397993e-02  9.32012498e-02  3.38673443e-02  3.19252461e-02
 -5.50562739e-02 -6.92554787e-02 -2.52466239e-02  4.57515381e-02
 -1.22112274e-01 -1.31147549e-01  5.12164831e-02 -2.19116807e-02
  5.72087392e-02 -1.31953344e-01 -4.58611324e-02  7.80092925e-02
  6.18441626e-02  2.41531003e-02 -8.62620696e-02 -1.07466310e-01
 -7.57935829e-03  1.11943735e-02 -1.88931614e-01 -1.24435417e-01
 -4.09737881e-03  2.23810300e-02 -8.31172168e-02  7.28357881e-02
 -1.85917705e-01 -8.48338455e-02 -5.14637157e-02  2.05216542e-01
  5.50258718e-02  7.64354169e-02 -1.34466469e-01  9.50311720e-02
 -1.09984651e-01  7.70877451e-02 -2.88364179e-02 -3.61962132e-02
  1.27080418e-02  1.33200273e-01  1.09336535e-02  1.33096114e-01
  1.45062149e-01 -1.63839549e-01  1.34358592e-02  6.90550208e-02
 -1.21916562e-01  1.75555740e-02 -5.12203760e-02 -1.15921974e-01
  5.45728672e-03  7.77158737e-02 -1.99141324e-01 -2.49003544e-02
 -5.17581124e-03  1.00695655e-01  1.15051784e-01  5.51938452e-02
  4.39250283e-02 -6.77391067e-02 -8.75939801e-03 -1.25484169e-01
 -8.83454643e-03  1.22755915e-01  5.77489920e-02  1.67777203e-02
  3.77164818e-02 -1.02857441e-01  4.77229618e-02 -1.97009481e-02
  3.09564359e-02 -1.04670815e-01 -2.83274963e-03  2.61029676e-02
  1.06203645e-01  5.22725955e-02 -2.28506731e-04 -7.39275385e-03
  6.86312988e-02 -5.21580651e-02  2.89656930e-02 -1.65706985e-02
  7.37820044e-02 -5.00828028e-02 -1.10696681e-01 -1.07580423e-01
  3.95194516e-02 -1.04869656e-01 -8.56693313e-02 -8.94209146e-02
  1.45561630e-02  4.62503172e-02  8.92961472e-02 -1.34774238e-01
 -4.83178273e-02 -1.81591168e-01  3.55920605e-02 -7.22392369e-03
 -8.75891820e-02  2.16753319e-01  4.03358787e-02 -2.98298337e-02
  6.47373348e-02  1.48731947e-01 -2.40239874e-02  7.12173581e-02
 -5.54280505e-02 -6.28175884e-02  2.04369240e-02 -2.50740319e-01
 -7.80449584e-02 -1.11472890e-01 -6.84625097e-03 -8.32922850e-03
 -3.99783216e-02  1.26680091e-01 -2.47294307e-02  1.38651170e-02
  2.86118258e-02 -5.05298115e-02  9.20076743e-02  5.58646731e-02
  5.40067516e-02  3.19406092e-02 -7.59503096e-02  3.34452242e-02
  1.48798630e-01  4.27755788e-02 -1.45431012e-01 -9.33251232e-02
  1.27333421e-02  2.54213870e-01 -1.23088425e-02 -1.04134597e-01
 -9.05693099e-02 -3.99540327e-02  4.18827459e-02  3.85563299e-02
 -8.62417370e-02 -1.81509685e-02 -5.01734577e-02 -2.31117196e-02
  9.69938189e-02  2.65714638e-02 -7.24313129e-03 -3.34739573e-02
  3.23014632e-02  6.30790889e-02 -1.01886950e-01 -1.68249942e-02
  1.54893145e-01  4.86678956e-03  8.38797912e-02  6.78535029e-02
  1.30413631e-02  8.53187665e-02 -1.50448978e-01 -1.48677640e-02
 -1.15413457e-01  1.95262432e-01 -2.76365280e-02  1.37688100e-01
  1.16024218e-01  1.09111346e-01 -6.51562959e-02  1.11095101e-01
  2.04752311e-02 -4.05180641e-02 -5.25844507e-02  1.28362879e-01]";"[ 7.20511302e-02  1.14673294e-01 -2.94539094e-01 -1.14399031e-01
 -3.57220322e-02 -5.38190342e-02  2.44848896e-03  3.70809913e-01
  2.85906255e-01 -1.05004251e-01  4.66020226e-01  1.13402009e-01
  2.95990497e-01  4.47780162e-01  4.54990953e-01 -1.57619059e-01
  1.23094842e-01  2.52969235e-01  6.61831498e-02 -1.47671148e-01
 -3.35236907e-01 -6.17209300e-02  1.67864054e-01  3.01025808e-01
  2.17058152e-01  2.03485146e-01  1.47066787e-02 -2.34764427e-01
  1.68831348e-01 -4.35032696e-03  7.75558203e-02 -6.82569593e-02
 -5.11219621e-01 -3.05066913e-01  3.76104951e-01 -8.85414034e-02
  1.65505353e-02 -1.17247239e-01 -9.13784206e-02 -1.01536572e-01
 -1.73446789e-01  1.14096612e-01 -5.03703617e-02  3.36326569e-01
  2.51644164e-01 -1.77398831e-01 -3.49809718e+00 -1.47225201e-01
  1.06627524e-01 -1.96741313e-01  3.21889549e-01 -4.44670498e-01
  1.64176494e-01  1.19697988e-01  3.90778631e-01  1.81324378e-01
 -7.65749291e-02  2.40289330e-01 -1.40395993e-02  4.10427868e-01
  1.38098627e-01  1.24823973e-01 -1.38988979e-02  2.67948717e-01
 -1.12806089e-01  1.01179853e-01  1.80621311e-01  2.53874958e-01
 -4.51618135e-02 -7.17632547e-02 -1.66404843e-01 -1.44843459e-01
 -1.45138726e-02 -4.49161887e-01  1.61019251e-01 -1.01588205e-01
 -2.28269026e-02 -6.42880797e-02 -1.43228039e-01 -4.60324064e-03
  7.02890754e-02  5.52947283e-01  1.81893289e-01 -7.31628090e-02
  3.20585489e-01  3.15370798e-01 -5.09760737e-01 -1.03965588e-01
  2.73375422e-01  3.69916916e-01 -3.65178466e-01  4.20599490e-01
  8.33073407e-02  5.53954422e-01  1.75442100e-01 -1.61811292e-01
  2.72901982e-01 -3.81130874e-02 -4.33611944e-02  3.10023844e-01
  3.32954139e-01 -6.27628788e-02 -6.70060813e-02 -2.23390862e-01
 -2.38116980e-01  1.05454266e-01 -2.80263782e-01 -4.18035716e-01
 -2.07904607e-01 -2.66410279e+00  3.26476455e-01  2.97941536e-01
 -5.41438222e-01 -4.04852241e-01 -2.84557849e-01  1.99748307e-01
  6.13623500e-01 -3.25852007e-01  3.49960238e-01 -1.99079644e-02
 -1.75068155e-03  2.81933248e-01 -2.24664137e-01 -2.59091139e-01
  1.06564187e-01 -2.71525174e-01  3.53086025e-01  1.64150551e-01
  5.64651936e-03  9.38847512e-02  2.86676735e-01  6.05236232e-01
 -7.85704255e-02 -1.39649034e-01  1.30532071e-01 -1.01772472e-01
  2.03770131e-01 -9.84156579e-02 -1.18809283e-01 -3.49334449e-01
 -3.62235337e-01 -3.67743731e-01 -3.39807940e+00  4.07711923e-01
  4.23931330e-01  2.66085356e-01  3.75049531e-01 -2.09000915e-01
  8.51994455e-02  9.10872221e-02  2.52461910e-01  3.75605598e-02
 -1.54032350e-01 -2.33426988e-01 -4.19267833e-01 -3.78481299e-03
 -1.05795562e-01  5.13717979e-02  2.14712709e-01  4.67986703e-01
  3.08562249e-01 -5.84542572e-01  1.76664665e-01 -6.24874607e-03
 -5.03826365e-02  1.63491070e-01  1.68578506e-01  3.97456110e-01
 -1.57872438e-02 -1.43852085e-02 -3.34402442e-01  1.52621999e-01
  6.11413568e-02 -1.87056035e-01  2.58395433e-01 -2.93252230e-01
  4.80219647e-02  3.32609802e-01  3.16323847e-01 -3.18478048e-03
 -3.63154829e-01  6.04488671e-01  3.39339972e-01 -1.62937135e-01
  3.84918451e-02  1.88860416e-01  3.34926993e-01  2.43253335e-01
 -4.74668473e-01  2.41295591e-01 -4.30116832e-01 -4.91186798e-01
  1.45764917e-01 -1.55789003e-01 -4.89010550e-02 -2.71861523e-01
  2.60171562e-01 -5.71323633e-01  1.77609265e-01  3.96511227e-01
 -5.90745091e-01 -2.06321731e-01 -2.42108598e-01 -3.30458611e-01
  5.60575008e-01  4.12154579e+00  9.44282040e-02 -2.66927704e-02
  1.39139920e-01  3.80730361e-01 -1.98645368e-01  1.04885906e-01
 -2.93528885e-02 -2.01556563e-01 -9.58622098e-02 -1.22879848e-01
 -1.04315706e-01  7.38237649e-02  1.90066487e-01 -1.14801347e-01
  3.18450987e-01  1.99701816e-01 -5.14585733e-01 -5.87584414e-02
 -1.56660050e-01  4.43882421e-02 -9.77461413e-02  2.86233693e-01
  1.64378271e-01 -1.52932787e+00 -9.11814570e-02  1.40442535e-01
 -6.53868556e-01 -7.45545402e-02  1.76140711e-01  8.32489058e-02
 -2.44791597e-01 -1.51541084e-01 -1.53059438e-02  1.84871599e-01
  1.63589790e-02  1.66699246e-01 -2.96850074e-02  3.83201987e-05
 -9.11503434e-02  7.26815283e-01  2.63065249e-01 -2.01545015e-01
  6.21200427e-02 -1.70810834e-01  1.41664714e-01  1.17241316e-01
 -9.64941233e-02 -4.89363313e-01  7.63593987e-02  3.48638803e-01
 -8.45777094e-02  3.28791775e-02 -5.14741838e-01 -6.43581450e-01
  1.96324065e-02  2.77238727e-01 -1.07649907e-01  2.40462288e-01
 -4.20736998e-01 -2.51993269e-01  3.24280262e-01 -2.40357578e-01
 -1.24928974e-01 -4.82110769e-01  1.35113552e-01 -6.02933705e-01
 -3.66244018e-01 -3.44103146e+00 -1.71861559e-01 -3.48984897e-01
  9.99959558e-03  7.19759107e-01 -3.22289169e-01  2.84655482e-01
  4.51912552e-01  2.10012808e-01 -6.00767910e-01 -2.66099870e-02
 -1.06327429e-01  1.38122201e-01  2.16993004e-01 -4.83316630e-01
  2.44754285e-01  2.10210398e-01 -3.36693376e-01 -3.01906019e-01
 -2.86497444e-01 -3.51072758e-01  3.20128500e-01 -2.76259780e-01
  2.36801505e-01  3.18931043e-01  1.57738969e-01  5.22557460e-02
 -1.74321592e-01 -1.45068318e-01  2.18182206e-02  4.61541414e-02
 -1.71215639e-01  9.68923196e-02  1.76652707e-02 -5.50951481e-01
 -2.98799825e+00  2.48554349e-03 -5.31168282e-01  2.48833559e-02
  1.13658190e-01  1.13448098e-01  3.61046255e-01 -1.85239762e-01
 -3.00761521e-01  6.82377517e-02  2.88075119e-01 -1.52971819e-01
  1.18752442e-01 -5.03693819e-02  4.39998806e-01  5.55681437e-02
  4.67147887e-01  2.95346603e-04  4.90516007e-01  1.98583290e-01
  2.61962935e-02 -1.10907555e-01  7.21289590e-02 -1.07604101e-01
  4.45236355e-01  2.76026785e-01 -4.63164449e-01  9.00351927e-02
 -2.04459310e-01  7.51272589e-02 -3.48240957e-02 -3.42708081e-01
  3.32084596e-01 -5.91432214e-01 -3.48355621e-01 -5.18399961e-02
 -6.15935251e-02  1.57848939e-01 -1.92110054e-02 -4.54408765e-01
 -1.30941346e-01  1.61934972e-01 -1.93265676e-01  4.04721141e-01
  3.53563756e-01  2.10063085e-01  2.30710700e-01 -8.50589201e-03
  1.88046664e-01  5.47405839e-01  1.18038952e-01  3.82189453e-01
  1.47088957e+00 -2.39118963e-01  5.28937727e-02 -4.12360489e-01
  5.72607368e-02 -3.92957151e-01 -1.90437213e-01  6.72335625e-01
  5.70315540e-01 -3.27222705e-01  5.46271086e-01 -4.52825725e-01
  1.64065510e-03 -5.01582921e-01  4.96129513e-01 -6.34015620e-01
 -2.64854282e-01  3.62091899e-01  1.54720202e-01 -5.94315529e-02
 -4.01851445e-01 -1.18960488e+00  1.31396517e-01 -1.87396109e-01
  2.48051792e-01 -1.99829340e-02 -1.83789507e-01 -1.77535112e-03
  9.88953710e-02 -1.96614951e-01  5.78563660e-03  1.51013851e-01
 -3.38415623e-01 -2.13339686e-01 -9.51788723e-02  4.92943913e-01
 -4.43173319e-01  1.32423073e-01  7.56246895e-02  4.85922337e-01
  4.14730728e-01  1.34608090e-01 -3.40400338e-02  8.03472027e-02
  4.82306480e-01 -9.67428923e-01  2.04626229e-02  1.28596678e-01
 -1.98795587e-01 -4.85442914e-02 -1.32491499e-01 -7.08824694e-02
 -1.55542895e-01 -5.49446046e-01 -2.55618721e-01  5.62431693e-01
  8.28982703e-03  2.04494856e-02 -3.84267002e-01 -7.51570463e-02
  5.85141659e-01  6.01451099e-03  6.00182772e-01 -6.30513206e-02
  3.06878760e-02  2.33723953e-01 -7.68592060e-02 -8.95859003e-02
  4.14951444e-01 -1.48399964e-01  1.34966508e-01 -8.60820487e-02
  5.93045950e-02  1.33583218e-01  3.85710359e-01  2.29910202e-03
 -3.49746436e-01 -3.66256893e-01 -2.07644142e-02 -1.31040797e-01
 -6.96083665e-01 -4.00342166e-01 -2.44395301e-01 -1.12974979e-01
 -3.83507431e-01  1.50439128e-01  1.68181974e-02  1.33733824e-01
  4.22488153e-01 -1.25466257e-01 -2.82958955e-01 -1.47802249e-01
 -4.00581896e-01  2.54527003e-01  4.15173844e-02  4.33254004e-01
 -1.08891614e-01  5.30398965e-01 -5.55386364e-01 -3.76814827e-02
  1.88646123e-01 -7.17741251e-02  4.64982688e-02  7.49721304e-02
  2.89010573e-02 -1.83531538e-01  2.75291443e-01  1.50143921e-01
  3.85614514e-01  1.23277605e-02 -1.68463004e+00  2.68130630e-01
  4.55936879e-01  2.40009591e-01  1.11354046e-01 -3.91593993e-01
 -1.69130728e-01  6.17723405e-01  2.27863416e-01 -9.34781879e-02
 -7.40029663e-02  1.02004915e-01  3.86286616e-01  1.02917671e-01
 -1.75232172e-01  4.89721596e-02  1.24041095e-01 -1.75474077e-01
  1.43940270e-01  1.18691616e-01 -3.53554673e-02 -3.44838127e-02
 -3.83866541e-02  5.43649308e-02 -3.28875095e-01 -3.43701869e-01
 -3.88663650e-01  5.61150193e-01  1.52401596e-01  3.28302562e-01
  1.88664839e-01 -1.47017181e-01 -3.25980544e-01 -4.82891828e-01
  2.14434773e-01  1.60473049e-01  2.77523547e-01 -1.73548639e-01
  5.96325576e-01  4.25124496e-01 -3.48142624e-01  4.54764992e-01
  3.15672249e-01 -2.15196162e-02  5.82996428e-01  3.20854187e-01
 -1.23568803e-01  5.54394960e-01  2.28778929e-01 -1.87971979e-01
 -8.59117135e-02  1.79830536e-01 -2.64330208e-01 -2.67304331e-02
  1.42695546e-01 -4.37880993e-01 -7.27931783e-02  2.69063283e-02
 -3.87053847e-01 -7.63128251e-02  3.42195392e-01 -2.92724073e-01
 -4.81405199e-01  5.89723229e-01 -5.59997857e-01 -6.15602672e-01
 -2.39861995e-01 -1.18634962e-01 -4.32715178e-01  2.88673192e-01
  3.63044560e-01 -1.71690702e-01 -4.06448066e-01  2.61310846e-01
 -1.77361533e-01  5.06806731e-01 -5.28534502e-03  3.79536510e-01
 -4.89690341e-03 -2.36662582e-01  1.99680820e-01  1.09791420e-01
  4.33824629e-01 -1.60888191e-02  2.37108752e-01  3.02406847e-01
  4.19028848e-02 -9.24177766e-02 -1.28731206e-01 -2.82990515e-01
 -3.10773700e-01  3.39554623e-03 -1.02904774e-02 -1.97257817e-01
 -6.32987171e-02 -1.74771518e-01  3.99348736e-01 -3.01572889e-01
 -2.16900408e-01 -2.15586230e-01 -3.92593235e-01  7.44817704e-02
  5.61126828e-01  2.24960715e-01 -9.70606804e-02 -1.13079369e-01
  4.63306427e-01 -3.61966997e-01  2.18252037e-02 -2.73728192e-01
  3.62318903e-01 -2.26261944e-01 -3.14221948e-01 -1.45043939e-01
 -1.08563602e-02 -4.50181007e-01  5.82237303e-01 -6.64100826e-01
  1.75259244e+00  2.47411922e-01 -1.37389243e-01 -1.07735224e-01
  5.19369185e-01  3.15571934e-01 -4.00102854e-01  3.27825695e-01
 -6.25331178e-02  3.60192180e-01 -4.71815974e-01  4.14416820e-01
  8.97527412e-02  3.61921966e-01  5.53613007e-01  2.87083447e-01
  1.62792698e-01 -4.62174974e-03 -4.57668483e-01 -5.40572740e-02
 -3.11190775e-03  2.47605965e-01  1.66265517e-01  1.66494355e-01
  2.85290867e-01  5.60605347e-01  1.52669623e-01 -2.44654343e-02
  2.84026235e-01  2.58460462e-01  1.64364621e-01 -2.84525722e-01
 -9.47937071e-02  2.59661153e-02 -2.83675611e-01 -5.23546636e-02
 -1.80435091e-01 -2.35065326e-01  1.86447799e-01 -2.91285105e-02
  9.97610390e-02 -2.51327962e-01  2.62262404e-01 -2.21940726e-02
 -1.04382336e-01  4.37194079e-01 -2.31599107e-01 -2.16677859e-01
  4.80325013e-01  9.66637358e-02  9.07553881e-02  1.05670482e-01
 -5.02526052e-02  7.85665661e-02 -1.46388680e-01 -2.48248041e-01
  9.26003158e-02 -1.06750190e-01  8.02211389e-02  3.64749491e-01
 -2.86835462e-01  8.21498185e-02  2.22398043e-01 -1.02797322e-01
  1.06588915e-01  5.58585763e-01  1.66248709e-01 -1.68047503e-01
  3.60700697e-01 -1.67618230e-01 -1.33643612e-01  2.26925582e-01
  4.37786847e-01  4.07240272e-01  4.83103022e-02  1.81212440e-01
  2.92142898e-01  4.91264276e-03  1.35681152e-01 -2.68314934e+00
 -8.58198553e-02 -2.74547189e-02 -1.16242237e-01  2.42200971e-01
  1.36520237e-01  4.80928957e-01  1.03693306e-01  6.69752359e-02
  1.76299050e-01  2.17834130e-01  3.65826935e-01  4.02803719e-01
  8.03029090e-02  2.42304340e-01  3.40159804e-01 -1.82488203e-01
 -9.62572247e-02  5.30301332e-02 -6.05411492e-02  2.49251157e-01
  3.24731134e-02 -9.05946270e-02 -4.33471471e-01 -5.25125325e-01
 -9.53139365e-02 -1.12514593e-01  2.23847315e-01 -5.55262715e-02
  3.70019674e-01 -1.78289749e-02  5.82732320e-01 -2.10329875e-01
 -1.27508298e-01  3.07435155e-01 -3.17528814e-01 -3.04162174e-01
 -7.48459771e-02 -1.79872468e-01  1.02332994e-01  2.79493302e-01
  1.30540729e-01  1.37486994e-01  1.27876088e-01  3.28493476e-01
 -1.30818605e-01  5.22619486e-01  4.17190418e-02  5.01155972e-01
 -2.90446550e-01  1.63019836e-01  6.97099715e-02  4.46931273e-01
  1.12109892e-01  3.17207724e-01  3.69014926e-02 -9.68488976e-02
  3.48284811e-01  3.66322994e-01 -6.40350103e-01  2.86528409e-01
  3.06715667e-01 -1.15621164e-01 -1.53641135e-01  2.01714948e-01
 -1.22895554e-01 -9.13031548e-02  2.47518837e-01  9.36701447e-02
 -2.35251948e-01 -1.25418708e-01 -3.23982775e-01  3.82280886e-01
  2.26226166e-01  3.34439687e-02  2.04628706e-03  4.40840036e-01
 -7.06652701e-02  1.10980704e-01  9.04332101e-02 -1.13054730e-01
  3.27418327e-01 -2.81025618e-01 -5.94954602e-02  1.78860053e-01
 -7.73585701e+00  9.84731242e-02  3.27655792e-01 -5.42895496e-01
 -1.51443452e-01 -2.97400564e-01 -3.21279287e-01 -2.80943394e-01
  2.64326483e-01 -2.71274954e-01 -1.56566247e-01 -9.69862640e-02
 -3.02176595e-01 -2.10592613e-01  1.14836991e-02  5.49039245e-01]"
Pat and Val, both full-time school teachers, financed the restaurant and put their houses up as collateral to help Tatiana fulfill her dream.;Pat and Val, both full-time school teachers, financed the restaurant and put their houses up as collateral to help Tatiana fulfill her dream.;[('Pat', 'NOUN'), ('and', 'CONJ'), ('Val', 'NOUN'), (',', '.'), ('both', 'DET'), ('full-time', 'ADJ'), ('school', 'NOUN'), ('teachers', 'NOUN'), (',', '.'), ('financed', 'VERB'), ('the', 'DET'), ('restaurant', 'NOUN'), ('and', 'CONJ'), ('put', 'VERB'), ('their', 'PRON'), ('houses', 'NOUN'), ('up', 'PRT'), ('as', 'ADV'), ('collateral', 'NOUN'), ('to', 'PRT'), ('help', 'VERB'), ('Tatiana', 'NOUN'), ('fulfill', 'VERB'), ('her', 'PRON'), ('dream', 'NOUN'), ('.', '.')];0.0;[0. 0. 0. ... 0. 0. 0.];"[ 0.01096598  0.0378479   0.05529226  0.09320475 -0.03698934 -0.0381368
  0.05612793 -0.02281901  0.09679159  0.00052083  0.01761271 -0.05642904
 -0.02220052  0.07809652 -0.13839518  0.03435872  0.05893962  0.05688477
 -0.01615295 -0.01694336  0.06816279  0.01542358 -0.00782267  0.02215729
  0.03832398 -0.09674276 -0.04827779  0.02621053  0.02513936 -0.0743571
 -0.01002757 -0.05751953 -0.05080567  0.01850382 -0.02081299 -0.03906657
  0.05718587 -0.01257731  0.06773274  0.0095988   0.0545634   0.01998291
  0.0842448  -0.02923184 -0.03962809 -0.08836161 -0.0672465   0.05136617
  0.05611572  0.06371358  0.07300618  0.05569407 -0.03193054 -0.11036784
 -0.08467611 -0.03263346 -0.09738973 -0.00902507  0.00591634 -0.07773437
 -0.06756999  0.03627218 -0.0317098  -0.0632487   0.00638835 -0.0090861
 -0.03847656  0.03797201  0.051474    0.03594157  0.0781189   0.0422933
  0.09957276  0.04486898 -0.10300293 -0.05001221  0.0736206   0.12073059
  0.04553528  0.0119044  -0.01808472 -0.11578166 -0.00311686  0.05920817
 -0.02142639  0.04318848 -0.099292    0.10489909 -0.01265971  0.01294759
  0.01971639 -0.00987549 -0.03028361 -0.10639241  0.06677043 -0.04921468
 -0.04332275  0.03409068  0.01697591 -0.03736979 -0.07020175 -0.12089132
  0.03112132 -0.02626546  0.03043416 -0.09213867 -0.00883179 -0.0332606
  0.05021159 -0.03594361 -0.09080403  0.02820638 -0.04234212 -0.02098185
  0.09317423  0.02140452  0.04742635 -0.00285645  0.04232342  0.02401326
 -0.05847168  0.00350952 -0.00508703  0.02898153 -0.0133138   0.02189128
 -0.05455322 -0.06370316  0.06624044  0.02502441 -0.0127889  -0.07981975
 -0.006368    0.00917867 -0.10126139  0.0112264  -0.01170247 -0.03228422
 -0.01370443  0.00352376 -0.0385498  -0.08291829 -0.0163208  -0.02738037
 -0.0167572   0.04087118 -0.09685872 -0.05235189 -0.03457495  0.02136141
  0.06454315  0.06070658  0.00984497  0.02875977  0.01346842  0.01175893
 -0.08733724 -0.09724528 -0.0119222   0.01260579  0.00485433  0.08596192
 -0.01513875  0.05485026  0.04548543 -0.10841064  0.01508179 -0.07956543
  0.00511068 -0.04483236 -0.13957316 -0.08610026  0.02041829 -0.1316157
 -0.00384623 -0.02843399  0.12048683 -0.03835449 -0.03817139  0.05711263
 -0.11545665 -0.07150065  0.03058268 -0.03439128 -0.01177572 -0.08938395
 -0.05159505  0.02147624  0.1192627  -0.00119629  0.0370327   0.00504557
  0.09069011  0.01529948 -0.11374512  0.00766602  0.01704102 -0.01305974
 -0.03367716 -0.14644165 -0.05960083  0.08159994  0.02418009 -0.05164693
 -0.01351725 -0.04783732 -0.06145833 -0.00505778  0.04998271 -0.01131338
 -0.00600586  0.00721029 -0.01335042  0.00314636 -0.0720052   0.0118398
  0.06103109  0.05909831 -0.12555338 -0.0403717   0.0077596   0.0561849
 -0.04244436 -0.04210205  0.07174886 -0.00971171 -0.05303548  0.06260376
  0.03644613 -0.07449544  0.02067057 -0.01906128 -0.00563355  0.02871094
  0.03243459 -0.02844645  0.0171641  -0.09202474  0.05560303  0.00474447
  0.01381226 -0.0034668  -0.03502808 -0.02628581  0.00706787 -0.06616211
  0.0835673   0.00890706  0.00597382  0.003302    0.03737284  0.0373169
 -0.01701889  0.06761169 -0.02988485 -0.09021199  0.00104574  0.02249947
 -0.02710113  0.02714844 -0.05602417  0.07938842 -0.09163412  0.04691569
  0.14405619  0.08699138 -0.09316203  0.03280436 -0.10534668 -0.03688965
 -0.00940755  0.09348958  0.06226959  0.02335205  0.03088379 -0.10331116
 -0.02260742 -0.13021646 -0.01475321 -0.04776713  0.01324056 -0.03832703
  0.00169678  0.05791016 -0.01410319  0.0409907  -0.09224854  0.05419515
  0.01876221  0.06204834 -0.08186493  0.07231649 -0.13090414  0.03323771
 -0.02387288  0.03223038 -0.01902618  0.04247233  0.04853923 -0.04891358]";"[-0.0731262   0.18402916 -0.07833561  0.20568259 -0.07523693  0.00111873
  0.18988863  0.0604925  -0.00190977 -0.0117773  -0.01059603  0.02368772
 -0.02787859 -0.05750072 -0.18284287  0.01022402  0.00858424 -0.08929955
 -0.05422788  0.0012938  -0.02015883 -0.10593357 -0.09916437  0.10572748
  0.19933055  0.02518547 -0.11417495  0.20188771  0.02421946  0.05283942
  0.14286378 -0.07816087  0.10720614  0.00294899 -0.17691623  0.00603821
  0.0229986  -0.05156259 -0.23063153 -0.0625872  -0.04511481 -0.07011536
 -0.10570545 -0.00911192  0.05490204 -0.02706664  0.02929633  0.1616785
  0.05205817 -0.03312763  0.0451138   0.16273646  0.04710613 -0.06643455
 -0.10563841  0.04745105  0.01186486 -0.09641595  0.02345939 -0.00409032
 -0.02402054 -0.16436659  0.04247391  0.05394401  0.02447435  0.07412636
  0.00720071  0.10259248 -0.03074372  0.0868294   0.01630783 -0.01462156
 -0.04303756 -0.03419308 -0.0042408  -0.14033641 -0.0498606  -0.09054255
  0.04650356  0.08240852 -0.01148531 -0.00919834 -0.02665805 -0.07161057
  0.09339101 -0.02041215 -0.03708755 -0.05052631  0.0791934   0.07379705
  0.0865694  -0.05794787 -0.03819038 -0.14102645  0.08841198  0.00505357
  0.11156829 -0.04270888 -0.08651     0.11712965 -0.0738252   0.03287034
  0.02742621 -0.05800044  0.09103933 -0.1534832   0.01619712  0.07634305
  0.0724536   0.0439259  -0.08216945 -0.13066804  0.07610205 -0.05037685
  0.02456279 -0.05145214 -0.00108268 -0.06663287  0.23736994 -0.05788555
  0.15945792  0.22511606 -0.13083011  0.08863836 -0.141046    0.03407146
 -0.01441411 -0.08225779 -0.06122396  0.01400594  0.15104629  0.01339973
 -0.06504067 -0.10527476 -0.04593005  0.09689395 -0.16855854 -0.07338247
 -0.03657247  0.00893982  0.07953315 -0.07831114  0.00237526  0.18707974
  0.1964138   0.02545043 -0.14562783 -0.11959869  0.05156782 -0.04888524
 -0.09433473 -0.14708777 -0.0191366  -0.01979513 -0.00705343  0.19189848
 -0.17228936 -0.09617262 -0.02617343  0.10298031  0.00902878  0.12288523
 -0.12843044 -0.03579624 -0.07648364  0.17011407 -0.05596721 -0.00190907
  0.05298223  0.08549818  0.02506024  0.09933772  0.08642063 -0.15403225
 -0.03232855  0.07495225 -0.17791946  0.01116564 -0.02838483 -0.07346249
 -0.17419557  0.16131882 -0.1791961  -0.01864194 -0.0353084   0.04961251
  0.06083235  0.00711163  0.07214206 -0.05824454 -0.0810077   0.01489122
 -0.05818485  0.18343121  0.10902854  0.00770097  0.01034376  0.00042684
 -0.00452507  0.04417856  0.07895636 -0.09582583 -0.06208313  0.02210718
  0.01070037 -0.00433119 -0.03899496  0.0594864   0.0897449  -0.09888404
  0.100477   -0.04093917 -0.00214531  0.11173775 -0.10322466 -0.12867762
  0.02590963 -0.09239957 -0.04148282 -0.11097518  0.07090131  0.03584174
  0.13427073 -0.09083888 -0.08471572 -0.1369625   0.05240561 -0.03199657
 -0.08636712  0.2528411   0.09391955 -0.03803636  0.11468984  0.16746955
  0.1547172   0.09371987 -0.11759093 -0.03334495  0.06072967 -0.25297013
 -0.09886423 -0.17753083  0.01559196 -0.02626794  0.06390266 -0.01501697
 -0.00178375 -0.09489976  0.00615423  0.08581977  0.11509058  0.0172501
  0.00791693  0.03137404 -0.06003359  0.09257331  0.16706209 -0.03238621
 -0.14616233 -0.01594937  0.11725299  0.29845807 -0.08776156 -0.18689847
 -0.06305619 -0.05126523  0.07851025 -0.01828881 -0.06821286 -0.11421728
 -0.08213089 -0.05218303  0.06129933  0.0144143  -0.00079661  0.00502315
  0.01478785  0.09404645 -0.15851396 -0.02409672  0.0219555  -0.05641641
  0.06676671  0.04216627 -0.0734358   0.10358176 -0.10770489  0.00144739
 -0.06049921  0.11989815  0.04541346  0.10808147  0.02313527  0.10920053
 -0.06759682  0.13570155 -0.0011358  -0.04788183  0.06777963  0.085731  ]";"[-1.57842204e-01  4.54700887e-02 -3.22200179e-01  2.41080299e-01
  2.03673393e-01  4.66600984e-01  1.72300354e-01  7.77972639e-01
  4.08912629e-01  2.94955149e-02  1.97118804e-01  6.96142949e-03
  4.47292209e-01  2.12446585e-01 -4.77952771e-02 -1.64226189e-01
  5.18836319e-01  7.08426595e-01  5.87123752e-01  9.51679870e-02
 -1.26625538e-01  3.39555554e-02  1.71185628e-01  8.75045896e-01
  3.12955260e-01 -1.40454680e-01 -6.79443330e-02 -6.73106968e-01
  3.16722482e-01  3.44119191e-01  1.86874524e-01  1.84251234e-01
 -3.31160307e-01 -8.37673008e-01  3.98775399e-01  3.50778624e-02
  2.41138369e-01  8.56232345e-02 -1.81948677e-01 -8.95640552e-02
 -2.02399060e-01  9.17435437e-02  2.64262557e-01  2.16929018e-01
  8.32036287e-02 -3.01687568e-02 -3.73463845e+00  1.21830534e-02
 -2.15282366e-02 -2.51543403e-01  3.46887350e-01 -4.65824127e-01
  1.31958425e-01  6.96864128e-02  3.48815292e-01  1.89385116e-01
 -3.72930825e-01  5.66561580e-01  4.14485484e-01 -1.28150240e-01
  1.76377922e-01  4.50991511e-01 -1.35578960e-03 -1.78419277e-01
 -2.87136227e-01  2.20599234e-01  7.15995729e-02  3.15088570e-01
  1.48518071e-01  2.18360145e-02 -4.01514977e-01 -3.74024659e-01
 -1.18747853e-01 -3.71322513e-01  6.06946126e-02  3.53377640e-01
  5.70254140e-02 -2.44079251e-02  2.44439945e-01 -1.52797580e-01
 -1.56441420e-01  8.03802788e-01 -1.13451011e-01  9.09112841e-02
  2.23212272e-01 -1.28142774e-01 -3.85935813e-01 -3.60983849e-01
  1.12994134e-01  3.87276590e-01 -6.31345332e-01 -9.17875022e-02
  1.14150509e-01  6.73060417e-02  2.80614197e-01 -8.04408342e-02
  5.76843739e-01  5.05725555e-02  7.68450618e-01  3.36358011e-01
  1.30185902e-01  8.09945166e-03 -5.28723180e-01 -7.04512894e-01
 -5.52951455e-01  1.68954879e-01 -7.44356155e-01 -3.08969885e-01
  6.24526851e-02 -2.05837798e+00  2.38114089e-01  4.84242551e-02
 -5.09295285e-01 -6.36778533e-01 -3.20838213e-01  4.98929322e-02
  2.59057075e-01 -1.92663252e-01 -3.31600398e-01 -2.85349667e-01
  2.27118880e-01  4.48676258e-01 -4.46834564e-01 -6.76047355e-02
 -1.85974479e-01 -3.62748623e-01  1.55847207e-01  5.26458859e-01
  1.14587411e-01  1.77909881e-01  9.80572402e-03  4.51072335e-01
 -8.63910913e-02 -2.90562510e-01 -2.24245414e-02  1.16852708e-01
  2.66216785e-01  2.38395154e-01 -2.59761006e-01  1.14774376e-01
 -7.12293744e-01  3.81899998e-02 -2.76590395e+00 -1.30214363e-01
  7.37386763e-01  1.30032063e-01  6.96088135e-01  3.32297608e-02
  3.53019983e-02  1.34510651e-01  4.50026393e-01 -3.41816008e-01
 -4.54100251e-01 -3.12918723e-01 -3.03439766e-01  4.04453933e-01
  1.00673608e-01  4.20036316e-01  1.53982311e-01  4.62736517e-01
  2.60371447e-01 -1.11471035e-01 -1.20633759e-01  2.67171878e-02
 -4.32186365e-01  7.65241086e-01  1.68312907e-01  5.80891788e-01
 -2.25070491e-01  1.23689398e-01 -4.64309156e-02  7.19925880e-01
  6.50642812e-02 -1.63883433e-01 -4.09602337e-02  1.08303636e-01
 -1.96954548e-01  2.76508301e-01  1.04567438e-01  1.12880766e-02
 -4.80014145e-01  6.36755168e-01  4.24640775e-01  8.22127387e-02
  6.90894276e-02 -1.85937822e-01 -1.97390951e-02  1.85176551e-01
 -5.46284914e-01 -9.16377977e-02 -3.99564683e-01 -6.16438031e-01
  3.77214968e-01 -2.59543598e-01 -4.09924984e-03 -2.84674406e-01
  4.07245457e-01  1.73014909e-01  2.08390355e-01 -4.99592870e-02
 -3.79721522e-01 -2.17870995e-01 -3.62081051e-01  8.60033035e-02
 -1.17168799e-01  3.66521215e+00  2.91100383e-01  1.37129411e-01
  2.35314459e-01  3.18698324e-02  3.96630503e-02 -2.54382432e-01
  6.70078248e-02  1.48349315e-01 -4.60693777e-01 -8.57967883e-02
 -2.85244048e-01  2.03196198e-01  1.68403581e-01 -2.75164336e-01
  1.21504366e-01  1.87702894e-01 -5.60243905e-01 -2.71469504e-01
 -3.32559496e-01  4.54010591e-02 -1.54068679e-01  2.57871777e-01
  8.88240039e-02 -1.09181488e+00  1.23750940e-02 -2.15521768e-01
 -3.76582742e-01 -1.31793842e-01  7.97566473e-02  1.15390852e-01
 -1.51083931e-01  4.29269634e-02 -1.07744932e-02 -2.30103940e-01
 -2.05875143e-01 -4.30441201e-02 -4.39186275e-01  1.98211700e-01
 -3.82468402e-01  2.77858704e-01  2.26260692e-01 -3.65448177e-01
  1.31263703e-01 -2.50530601e-01  2.28342041e-02  7.02433959e-02
  2.02251002e-01  5.88168353e-02 -1.48492783e-01 -9.80254635e-02
 -1.20894782e-01  1.17506094e-01 -6.55941784e-01 -4.54372942e-01
  1.75102085e-01  4.41274405e-01  1.07480809e-01  3.12586725e-01
 -3.62904668e-01 -8.26156318e-01  4.83539224e-01 -6.35841012e-01
 -2.30283886e-01 -7.56856203e-02  1.48418471e-02 -4.60298866e-01
 -3.29046041e-01 -2.55117178e+00 -5.01904607e-01 -1.57007664e-01
 -4.41686660e-01  3.94832194e-01 -1.98293567e-01  7.20710233e-02
  3.32724787e-02  2.26425990e-01 -4.49833244e-01 -1.92252994e-01
  9.17732865e-02  3.28759044e-01 -4.10146117e-01 -7.95687199e-01
  5.51732853e-02 -1.01539105e-01 -2.52556652e-01 -2.74676941e-02
 -4.20739472e-01 -2.23203301e-01  2.59404302e-01 -3.05658765e-02
  6.94574639e-02  2.53074288e-01 -1.08509228e-01  1.29530191e-01
 -4.83804941e-01 -3.35286826e-01  3.06524694e-01  2.99668938e-01
 -2.34084874e-01  3.42107207e-01  2.40985930e-01 -4.13665503e-01
 -3.97079992e+00  7.47223854e-01 -4.26515847e-01 -4.65833545e-02
  2.49324635e-01 -1.23012915e-01  4.31469202e-01 -3.60305607e-01
 -2.77514607e-01  5.09014845e-01  6.21147230e-02 -1.09004840e-01
 -2.41543084e-01  2.87218601e-01  4.81750309e-01 -6.48788512e-02
  2.96998858e-01 -6.60109669e-02  5.92870533e-01  4.20866013e-01
  1.75822526e-03 -5.53989530e-01 -3.42524871e-02  3.42528857e-02
  5.50229311e-01  1.97927803e-02 -6.28108740e-01 -5.17071962e-01
 -4.15774137e-01  4.94262099e-01  6.08543381e-02 -4.43675011e-01
  1.12163156e-01 -5.56535959e-01 -2.68548161e-01 -1.96548849e-01
  3.77253294e-01 -1.43039182e-01  2.66315550e-01 -3.28411162e-01
 -2.11846963e-01  7.34602571e-01 -6.24463260e-02  3.27235162e-01
  7.59430647e-01  3.25205505e-01  1.13448881e-01  6.98363706e-02
 -2.56571397e-02  5.82195163e-01  1.86565578e-01  4.16717559e-01
  1.58994770e+00  9.45867226e-02 -1.77471071e-01 -5.20907283e-01
 -2.10674927e-02 -3.81583035e-01  1.65494621e-01  6.23243332e-01
  4.08313304e-01 -2.47181237e-01  4.18525934e-01 -3.83155853e-01
  3.36878657e-01 -6.98121309e-01  4.02110815e-01 -7.63389319e-02
 -9.11528766e-01  8.80296156e-02  4.84032258e-02  6.50587082e-02
 -1.94663182e-01 -1.48712826e+00 -1.90023854e-01  5.51665276e-02
  3.04489374e-01 -2.15966567e-01  2.68235564e-01  3.21866721e-01
  3.03903461e-01 -2.52829462e-01  2.71776259e-01 -2.64879540e-02
 -3.05762351e-01  1.87904298e-01 -3.20304006e-01  2.63614506e-01
 -7.84725189e-01 -2.52515614e-01 -1.82773530e-01  9.46053639e-02
  4.08136755e-01  4.45260257e-01 -1.59504697e-01  2.43869230e-01
  5.92155099e-01 -1.07042706e+00 -2.74294987e-02  2.65708506e-01
 -1.40629560e-01  2.60897912e-02 -7.91642442e-03  7.96395361e-01
  1.25944600e-01 -4.72997069e-01 -3.00068527e-01  6.80485368e-02
  6.85754716e-02  3.82827669e-02 -5.37921965e-01  1.78367093e-01
 -6.13936298e-02  6.70136809e-02  7.68503845e-01 -1.06016152e-01
  2.22515434e-01  2.88207084e-01 -1.76108941e-01  2.32452273e-01
  3.49119663e-01 -3.93778890e-01  1.26901478e-01  5.83427548e-02
 -4.23481405e-01 -8.83902460e-02  2.87904710e-01 -1.50546715e-01
 -2.40183920e-01  1.23087734e-01 -4.50567007e-01 -4.04503852e-01
 -6.81005895e-01 -2.66801596e-01 -3.22640538e-01  1.37123857e-02
 -4.09336984e-01  9.24005359e-03  1.91270113e-01  1.02531627e-01
  2.37977087e-01  5.80378950e-01 -5.30355871e-01  8.42018574e-02
 -1.46149695e-01  6.02592111e-01 -3.98611501e-02  7.61613846e-02
 -2.61836827e-01  3.44103038e-01 -4.84248400e-01  5.34404516e-01
  1.37942672e-01 -7.26859272e-01 -2.77305990e-02 -1.51127100e-01
 -2.11612016e-01 -1.24119490e-01  1.15053087e-01  1.15362287e-01
  3.15835416e-01 -3.22882861e-01 -1.69236267e+00  3.02221507e-01
  2.05043569e-01 -1.09232403e-02  8.76533017e-02 -3.85974318e-01
 -5.65468848e-01  6.41015053e-01  4.77003753e-01  1.89619035e-01
 -2.16460526e-02 -3.00488204e-01  1.78274930e-01 -1.63568720e-01
 -1.66547745e-01  2.44157344e-01 -3.41949970e-01 -7.51252919e-02
  3.39308202e-01 -5.41500002e-02 -1.80833921e-01  3.90866771e-02
  5.29805064e-01  2.79852957e-01 -2.30243161e-01 -1.83568835e-01
 -4.65719968e-01  6.26033545e-01 -3.32549959e-03  8.45147312e-01
  2.64218748e-01 -3.43384057e-01 -6.12495065e-01 -4.59026396e-01
 -3.51258144e-02  7.80541718e-01  7.85657093e-02 -3.65764558e-01
  2.38110140e-01  4.74909902e-01 -4.92021143e-01  6.35600090e-01
  7.02692509e-01  1.38760895e-01  6.79910123e-01  2.63620615e-01
 -1.11737028e-01  6.61549628e-01 -1.32329047e-01 -1.09906465e-01
  1.49496526e-01  4.13691103e-01 -4.13853139e-01  9.67975110e-02
 -1.59574211e-01 -2.11906642e-01 -3.97397466e-02  7.62756262e-03
 -4.28979099e-01 -2.55356617e-02  3.33104849e-01 -7.67279565e-01
 -2.42193580e-01  5.67710340e-01 -4.28453207e-01 -4.90444958e-01
 -2.45075256e-01 -7.05398917e-01 -1.96182027e-01  4.73877311e-01
  2.43024409e-01 -2.99406126e-02 -4.90369499e-01  6.51299775e-01
 -1.02812029e-01  2.59693891e-01  2.34531149e-01  4.65751499e-01
  5.74465692e-02  2.08621368e-01  1.93965405e-01  7.77357295e-02
  1.34645522e-01  3.39800954e-01 -1.86450720e-01  1.24768905e-01
 -8.79456103e-03 -5.22039950e-01 -9.30218622e-02  8.08707923e-02
 -3.33362192e-01 -4.17998523e-01  7.22523481e-02 -2.22826451e-01
  3.19514245e-01 -3.88246685e-01  2.00334609e-01 -2.20671535e-01
 -2.33272955e-01 -2.78067559e-01 -8.10631394e-01  6.40622377e-01
  5.96342802e-01  3.86574626e-01  3.42334323e-02 -3.12836096e-02
  5.67821324e-01 -4.69827563e-01  5.29936492e-01 -1.97793961e-01
  8.46254379e-02 -2.09984243e-01 -1.37084156e-01  1.55686587e-01
  3.49860370e-01 -5.74615538e-01  4.30395782e-01 -5.11542141e-01
  1.56087470e+00  4.31317478e-01  1.32368773e-01 -1.25078186e-01
  2.32937396e-01  1.21731177e-01 -6.36333346e-01  7.29733527e-01
 -3.30756813e-01  8.60218763e-01 -9.38873515e-02  4.87286389e-01
  7.70792887e-02  8.38923156e-02  6.94320679e-01 -5.54664433e-03
  3.69919896e-01 -3.38106424e-01 -6.19135797e-01  4.99874800e-01
 -1.88677430e-01  6.11713171e-01 -4.64628637e-02  4.41974461e-01
 -8.88659805e-03  5.27708113e-01  7.25146011e-02 -6.00844443e-01
  3.74225438e-01  4.75841105e-01 -4.29632962e-01 -3.07043418e-02
  3.08957733e-02  6.47761375e-02 -4.41710830e-01 -4.75521147e-01
 -1.88571274e-01 -4.59213257e-02  4.20872122e-01  6.16584383e-02
 -1.05597079e-03 -3.63957644e-01  4.92342174e-01 -3.53716314e-02
 -4.08653110e-01  7.09647298e-01  2.92316228e-02 -2.81580627e-01
  1.21655446e-02  1.05914570e-01  4.01001237e-03  1.27394840e-01
 -3.05828840e-01 -2.71666914e-01  1.27126947e-01 -6.25125051e-01
 -3.80486965e-01 -1.00299284e-01  4.12658900e-02  5.50429702e-01
 -3.51565540e-01  1.36771321e-01  6.03062570e-01 -1.57338679e-01
  4.61965166e-02  2.61454225e-01 -1.01354457e-01  2.56525427e-01
  2.21566394e-01 -4.59731966e-01 -1.55418187e-01  1.34799197e-01
  2.82812268e-01 -4.24490124e-02  3.23675662e-01 -2.73945518e-02
  4.17753011e-02 -1.11873873e-01  1.43277824e-01 -1.88972378e+00
  2.31105581e-01  2.18281507e-01  1.67634591e-01 -9.72466618e-02
  2.49627590e-01  1.34998798e-01 -2.94890940e-01  3.53661515e-02
 -8.01639408e-02  1.36388227e-01  8.10177326e-01  4.92754996e-01
  1.46496668e-02  1.05452821e-01  2.75370747e-01  3.82817507e-01
 -1.06503293e-01  1.49308711e-01  4.05322790e-01 -2.15370208e-03
  6.11228496e-03 -3.10625076e-01 -5.19813955e-01 -4.33372557e-01
 -1.16788335e-01  3.40473354e-01  4.68845665e-02 -8.04602504e-02
  3.39406550e-01  2.21717089e-01  9.49536681e-01 -6.77419156e-02
  1.46372840e-02  3.20377618e-01 -2.35699356e-01  1.73505187e-01
  1.91193074e-02 -1.16567157e-01  2.85068780e-01 -1.24086544e-01
  5.31944156e-01 -3.43334317e-01  2.71325797e-01  1.34159252e-01
  1.01873465e-01  7.14897096e-01 -1.72088921e-01  2.12271303e-01
 -3.40876579e-01  1.48671120e-01  1.37200430e-01 -1.17817633e-01
  7.27745056e-01  4.57451344e-02  3.32311600e-01  2.65857756e-01
  1.37840688e-01  2.03170002e-01 -5.97840846e-01 -2.56082118e-02
  1.96492642e-01  1.51709095e-03  1.82945997e-01  2.41823480e-01
 -4.94533837e-01  2.41629899e-01 -1.11471057e-01 -5.14850974e-01
 -7.08605170e-01 -2.00016141e-01 -1.16128750e-01  4.99961674e-01
  1.37439504e-01  7.05595493e-01  4.34001908e-02  4.35066670e-01
 -1.67486012e-01  1.07268304e-01  1.59434542e-01  3.25926811e-01
 -7.81416148e-02 -1.94039494e-01  1.32600479e-02  2.12667957e-01
 -5.69226027e+00  2.18351662e-01 -2.52496809e-01 -1.71690285e-01
 -3.15367222e-01 -3.81381392e-01 -5.32110810e-01 -6.03047013e-01
  2.32024997e-01  3.01575303e-01 -3.07890385e-01 -2.11549532e-02
 -1.63086310e-01 -2.77861863e-01  1.34702161e-01  2.98243463e-01]"
My mom and I don't know about the restaurant business, and so we put a lot of trust in my sister's experience to run the restaurant.;My mom and I don't know about the restaurant business, and so we put a lot of trust in my sister's experience to run the restaurant.;"[('My', 'PRON'), ('mom', 'NOUN'), ('and', 'CONJ'), ('I', 'PRON'), ('do', 'VERB'), (""n't"", 'ADV'), ('know', 'VERB'), ('about', 'ADP'), ('the', 'DET'), ('restaurant', 'NOUN'), ('business', 'NOUN'), (',', '.'), ('and', 'CONJ'), ('so', 'ADV'), ('we', 'PRON'), ('put', 'VERB'), ('a', 'DET'), ('lot', 'NOUN'), ('of', 'ADP'), ('trust', 'NOUN'), ('in', 'ADP'), ('my', 'PRON'), ('sister', 'NOUN'), (""'s"", 'PRT'), ('experience', 'NOUN'), ('to', 'PRT'), ('run', 'VERB'), ('the', 'DET'), ('restaurant', 'NOUN'), ('.', '.')]";0.0;[0. 0. 0. ... 0. 0. 0.];"[ 0.04790921  0.01276313  0.05185657  0.12952678 -0.05966526 -0.00815158
  0.04441664 -0.11273871  0.04153781  0.07621256  0.01037598 -0.10217285
 -0.02171326 -0.03079393 -0.15362549  0.07840305  0.07050917  0.10988024
 -0.01599121 -0.0520596  -0.0287679   0.04947408  0.08262295  0.02769343
  0.04489136  0.06001451 -0.06860945  0.02002038  0.04059982 -0.04218207
  0.01741325  0.04200914 -0.03382026  0.00199721  0.00520155 -0.01477051
  0.05796983 -0.02189975  0.02446832  0.05596585  0.06804572 -0.07287259
  0.10275608  0.01261393  0.00646294  0.01909214 -0.05527072 -0.01545816
  0.04353502  0.00516764  0.02654351  0.0931193  -0.03002251 -0.02206421
 -0.03234863  0.06550726 -0.05826823 -0.02214898  0.05317179 -0.09583198
 -0.02509223  0.03136444 -0.05572849 -0.04589166  0.01269023 -0.05950589
 -0.0568712   0.07973226  0.01043044 -0.00210545  0.0887163   0.05008274
  0.0493571   0.02060106 -0.18682861 -0.0846422   0.04505073  0.10084364
  0.05355411  0.09086227 -0.01993476 -0.13156468  0.09212918 -0.01659245
 -0.12713963 -0.03215875 -0.1187617   0.15646702 -0.04288228 -0.01520623
  0.0329149   0.04321289 -0.06942749 -0.04419963 -0.08072408 -0.02678765
  0.00868395  0.0489502   0.03614807 -0.01941766 -0.09650866 -0.09012943
  0.0175137  -0.00493537 -0.01471625 -0.0353029  -0.06529745  0.00286484
  0.04376984 -0.09877523 -0.11876085 -0.04552545 -0.03831651 -0.00780572
  0.07604472 -0.00993517  0.01160346 -0.05628798  0.03455607 -0.01429749
 -0.09770881 -0.02990935 -0.06309658  0.14878845 -0.0141432  -0.04473199
 -0.05644396 -0.03646512  0.0082567   0.03856065 -0.09071859 -0.14292485
 -0.08320448  0.00156657  0.00548638 -0.08304286  0.02469381  0.01967367
  0.00772434  0.04591539  0.01445516 -0.05791134  0.02571954 -0.04612562
  0.02420383  0.01451789 -0.08888075 -0.07730442 -0.05413479 -0.00401635
  0.11361694  0.0678499  -0.09934659  0.06656223 -0.06662326  0.00390286
 -0.03963894 -0.06715902 -0.09469943  0.03393555  0.00274658  0.06518555
 -0.03419156  0.09288195 -0.00780572 -0.12295193  0.03711192 -0.02332052
  0.06334814 -0.05688816 -0.15440369 -0.01576063  0.01830546 -0.16573678
 -0.07360331  0.04412842  0.11565145 -0.03700087  0.03977797  0.00825924
 -0.07307646  0.02314334  0.06440544  0.0263496  -0.04632229 -0.03418647
 -0.07536104  0.05190701  0.06032986 -0.00379774  0.00691393  0.06114112
  0.04509481  0.0358429  -0.0168457   0.06061469 -0.02966944  0.01704491
 -0.06687599 -0.109375   -0.07983737  0.08657159 -0.03072951  0.02767181
 -0.02472941 -0.02680673 -0.07398139 -0.03084903  0.02609422  0.03267755
 -0.00694784  0.09401449 -0.06023831 -0.00297939 -0.10020617 -0.03196377
  0.12797716  0.0314365  -0.13180202 -0.04861789 -0.06671143  0.04319
  0.00673845 -0.05992635  0.09275309 -0.11497709  0.05507405  0.04937236
 -0.04123773 -0.02297295  0.01330227 -0.04448043  0.03928969  0.00822025
  0.03935496  0.02024333  0.00476413 -0.01772054  0.04983182  0.01185099
  0.04660712  0.01246474  0.00051032 -0.1002672  -0.06818983  0.01616075
 -0.01600986  0.05469089 -0.01580174 -0.01587592  0.03565131  0.03925917
  0.07074653  0.07462904  0.04374864 -0.09745365  0.01079983 -0.0079617
 -0.11925253 -0.0680915  -0.00539822 -0.01233419 -0.01469591  0.04216851
  0.03352864  0.10986328 -0.00087823 -0.00459459 -0.09077284  0.01401774
 -0.01498413  0.11139255  0.11499701  0.05284797  0.01389567 -0.09261407
 -0.02633667 -0.12169054 -0.05251482 -0.08309937  0.06628079 -0.038876
  0.03248088  0.15066613  0.00097402  0.02525499 -0.07038371 -0.03891076
 -0.05241987  0.07162137 -0.07918295  0.11736383 -0.13709514 -0.00910589
 -0.0367296  -0.05425008  0.01809862 -0.05160861  0.01415846 -0.05217785]";"[-6.10735863e-02  1.07174471e-01  2.27298159e-02  1.68117419e-01
 -6.10052496e-02 -3.11161280e-02  2.01981351e-01  1.49548709e-01
  1.29289320e-02 -4.84987833e-02  5.25885858e-02  2.24572327e-02
 -6.11023083e-02 -3.66526954e-02 -6.74133599e-02 -4.50132117e-02
 -7.85399303e-02 -1.83272976e-02 -1.66478287e-02 -1.55276069e-02
 -2.24431697e-02  6.83647618e-02 -8.07838216e-02  9.24502686e-02
  1.71503648e-01 -2.65783258e-02 -1.00078441e-01  1.34233698e-01
 -8.38899314e-02  8.44585374e-02  7.29401037e-02 -4.60599437e-02
  1.43763751e-01 -5.98350130e-02 -1.82471126e-02  9.08320246e-04
  4.80036736e-02 -5.70191890e-02 -1.81653872e-01 -6.18079267e-02
 -1.40588835e-01  1.63872857e-02 -2.57757772e-02 -5.77232093e-02
  1.07408516e-01  9.13524628e-02  8.38415176e-02  1.02509139e-02
  1.04211457e-01  1.99056580e-03  1.02884702e-01  2.81584095e-02
  2.70595774e-02 -6.18337281e-02 -7.79182017e-02 -7.81155080e-02
  4.60360758e-02 -3.60759161e-02  2.56751198e-02 -1.70026273e-01
 -1.26034329e-02 -7.86742643e-02  7.09664775e-04  9.22833681e-02
  9.65081155e-02  5.00200875e-02 -2.61480529e-02 -2.48256084e-02
 -2.41886005e-02 -3.66342836e-03  6.84805438e-02  1.09039612e-01
 -8.00305512e-03  1.31792910e-02  3.09449434e-02 -1.17989421e-01
 -4.43618409e-02 -5.81634752e-02  9.00542215e-02  8.61795247e-02
 -7.35167488e-02 -8.23929757e-02 -2.57251393e-02 -2.30487343e-03
  4.45479825e-02 -7.82862306e-02 -5.16002066e-02  2.08519809e-02
  3.67912836e-02  7.75393769e-02  8.65001902e-02  1.83470722e-03
 -6.98538125e-02 -4.30935510e-02  3.43506373e-02 -6.54282272e-02
  1.50792047e-01 -1.75369903e-02 -3.02340928e-03  8.50245431e-02
 -9.28324014e-02 -1.29267303e-02 -1.30832139e-02 -1.54607147e-02
  4.52786498e-02 -7.57368132e-02  1.36148010e-04  1.49783745e-01
 -1.95812304e-02  1.01148605e-01 -4.97608557e-02 -9.07383114e-02
  6.25864565e-02 -3.73811275e-02  6.25003278e-02 -3.07605844e-02
  1.67202279e-02 -6.90795705e-02  1.47894189e-01 -6.63836673e-02
  1.35614142e-01  1.88035905e-01 -5.53296581e-02  6.09259261e-03
 -1.70034543e-01  3.58563731e-03 -2.23965310e-02 -4.53086682e-02
 -3.02379448e-02  6.32754862e-02  9.30404216e-02  1.72141418e-02
 -1.73823331e-02 -9.48728845e-02 -6.89742249e-03  4.43502069e-02
 -1.13629721e-01 -1.14759989e-01  2.80174837e-02  7.55305737e-02
  1.05226524e-01 -4.21084464e-02  5.71791432e-04  9.26635563e-02
  6.69505820e-02 -3.29836980e-02 -1.67788893e-01 -1.52600825e-01
  2.54821647e-02  8.53857175e-02 -1.70003071e-01 -1.28489628e-01
 -3.55648883e-02  2.16865316e-02 -4.25925653e-04  1.42317042e-01
 -2.02712625e-01 -1.12117104e-01 -3.32305059e-02  1.80822834e-01
  3.58007886e-02  6.44522086e-02 -1.26798347e-01  6.20858632e-02
 -4.51158434e-02  1.63736999e-01 -8.49760026e-02 -4.05657552e-02
  1.59104988e-02  1.33238122e-01 -6.10809922e-02  1.28843606e-01
  1.53482303e-01 -1.38931245e-01  6.74265400e-02  9.36144665e-02
 -1.30870357e-01 -4.15114425e-02 -8.10794830e-02 -9.39400643e-02
 -5.94372153e-02  1.16654634e-01 -2.40689978e-01  2.05598376e-03
 -1.28141157e-02  1.01747207e-01  1.30769983e-01  9.84547660e-02
  2.91766468e-02 -3.12184333e-03 -1.34803116e-01 -7.06648901e-02
 -7.15872925e-03  1.05493970e-01  4.10829633e-02 -2.67482772e-02
  6.20308779e-02 -1.59843802e-01  2.48824731e-02  8.35132319e-03
 -5.29126672e-04 -1.94589868e-02 -5.31123765e-02  9.76462010e-03
  5.25575988e-02  5.66201247e-02  1.90862380e-02 -3.64094488e-02
 -7.61732319e-03 -4.93792910e-03  2.59741675e-02 -8.04961845e-03
  4.12412435e-02  3.46776061e-02 -5.95342778e-02 -1.13622218e-01
  3.07646114e-03 -6.00185841e-02 -1.24607056e-01 -1.02486819e-01
  1.67040545e-02  5.17858304e-02  4.42671515e-02 -1.28085658e-01
 -3.92889529e-02 -1.52986601e-01  5.26485443e-02  2.24659443e-02
 -6.34153336e-02  1.85479730e-01  8.72438625e-02 -6.90238774e-02
  5.20527214e-02  1.52314186e-01  3.41780856e-02  7.11871311e-02
 -9.92886275e-02 -5.61703220e-02 -3.61058824e-02 -2.28589296e-01
 -4.29277122e-02 -1.38029397e-01 -1.52376266e-02  1.18816681e-02
  2.39188019e-02  2.44049747e-02  1.89066064e-02 -3.35154720e-02
  6.25610072e-03 -5.32833673e-02  8.29216167e-02  4.25241739e-02
  1.05253361e-01  4.94907983e-02 -3.93974036e-02  7.72619620e-02
  1.28818035e-01  3.94636355e-02 -1.46701410e-01 -5.45202121e-02
  1.92343574e-02  2.27236807e-01 -3.63035761e-02 -1.09274082e-01
 -7.38824084e-02 -8.21127594e-02  7.97613561e-02 -7.72245508e-03
 -1.11815065e-01 -6.36949837e-02 -8.95202830e-02 -5.69673330e-02
  9.18792188e-02 -4.52210270e-02 -9.37835407e-03 -1.30997840e-02
  8.47750828e-02  1.29401475e-01 -1.36612087e-01 -1.63947716e-02
  9.02986452e-02  2.36186273e-02  7.60619864e-02  8.49894360e-02
 -2.97218580e-02  9.73108560e-02 -1.15687802e-01 -5.88217154e-02
 -1.04237102e-01  1.74716234e-01 -4.38913442e-02  8.77938867e-02
  5.28671257e-02  5.18645085e-02 -5.20505644e-02  5.67466468e-02
 -1.89845692e-02 -2.19250023e-02 -7.93633051e-03  1.03861995e-01]";"[ 1.87401980e-01  1.13090523e-01 -5.74343562e-01 -3.30085039e-01
 -6.13031536e-02 -1.99740697e-02  1.52938828e-01  6.08345568e-01
  3.58632594e-01 -7.43723512e-02  1.89019695e-01  2.24885553e-01
  8.30417454e-01  3.51792395e-01  1.34654850e-01 -1.29321329e-02
  2.10424438e-01  6.92397594e-01  2.82364994e-01  3.31512094e-02
  1.69261843e-01  8.26003328e-02  2.04563513e-01  4.46457893e-01
  3.74293804e-01 -3.07219550e-02  9.27323624e-02 -2.79011369e-01
 -1.63614139e-01  3.82026672e-01  4.93618608e-01  1.26617491e-01
 -3.80589277e-01 -3.96086633e-01  3.25121164e-01 -1.93008482e-01
  1.95908159e-01 -2.68674083e-02  3.94128636e-02  4.88861278e-02
 -3.34285885e-01 -4.71351855e-02  1.27842814e-01 -6.78233802e-04
  1.71184391e-02 -7.12820292e-02 -3.87027168e+00  3.52730006e-01
  6.10375702e-02  3.69239226e-02  4.07214612e-01 -8.71801674e-01
  3.60024095e-01  3.60951751e-01  4.71349031e-01  5.33519238e-02
 -2.76249588e-01  2.39987254e-01  8.78078789e-02  1.61633596e-01
  1.67339280e-01  5.26883721e-01 -2.27209814e-02 -2.01082915e-01
  2.55891412e-01  1.77598432e-01  1.19643398e-02  3.80738080e-01
 -2.40592837e-01  3.08982551e-01 -3.50432724e-01 -2.88260937e-01
  2.20538825e-02 -1.92898154e-01  8.74777809e-02  5.68669587e-02
 -6.44476712e-02  1.30861878e-01  3.88678342e-01  1.77617237e-01
 -4.10526879e-02  7.81128943e-01 -5.33633456e-02  1.52076274e-01
  1.22393750e-01  2.88207650e-01 -4.42252308e-01 -4.54159141e-01
  2.23876566e-01  1.94736615e-01 -3.65368187e-01  2.72561342e-01
  1.10434741e-01  2.99042076e-01  4.92413670e-01 -2.15612099e-01
  3.79636467e-01  6.22487403e-02  2.61278182e-01  6.66172624e-01
  2.05994546e-01 -1.27581596e-01 -3.69304866e-02 -1.43310964e-01
 -2.73737997e-01  3.07115287e-01 -1.30998686e-01 -5.15680552e-01
 -1.15765452e-01 -2.17671752e+00  6.02205954e-02  3.01460445e-01
 -5.89130223e-01 -3.92923713e-01 -3.25241029e-01 -8.50505382e-02
  3.90799761e-01 -4.21628386e-01  4.73291010e-01 -3.17313969e-01
  1.64196998e-01  2.06371605e-01 -3.02436739e-01 -1.40813455e-01
  7.55682290e-02 -3.38237584e-01  2.64581800e-01  3.19775224e-01
  2.60538235e-02  1.75574422e-03  3.42644185e-01  4.07032311e-01
  2.29349453e-02 -2.45593742e-01 -1.89401358e-01  4.63137686e-01
  2.76976526e-01  1.31942809e-01 -2.90311694e-01 -1.91197112e-01
 -6.97109818e-01  8.85464028e-02 -2.91474152e+00  1.49058878e-01
  2.86840260e-01  1.82948291e-01  5.47268808e-01 -2.97656178e-01
  1.72286540e-01  3.30113769e-01  9.11081284e-02  2.02726230e-01
 -5.73595941e-01 -3.78604591e-01 -2.98948437e-01 -1.82116985e-01
  2.01331712e-02  1.70822829e-01  1.22661211e-01  1.91867068e-01
  2.07834110e-01 -4.90067810e-01  1.01645298e-01 -1.37772992e-01
 -1.42766178e-01  7.06360757e-01  1.36522353e-01  1.93013817e-01
 -1.67960599e-02  1.55773267e-01 -7.90459141e-02  5.93478501e-01
  1.77654639e-01 -3.39875519e-01 -6.09964803e-02  2.51835078e-01
 -1.00261010e-01  5.83884656e-01  4.22689378e-01  1.97800815e-01
 -4.66818571e-01  1.22323364e-01  2.02350706e-01  1.70571178e-01
  3.93560082e-01 -5.01679480e-01  3.92617673e-01 -4.03048582e-02
 -4.72694248e-01  1.22699276e-01 -2.56054878e-01 -6.60038590e-01
  5.62800169e-01  1.55787662e-01 -1.54400483e-01 -5.35291545e-02
  5.04947484e-01 -2.82337517e-01  1.50671944e-01  2.19346777e-01
 -3.82120341e-01 -3.24380219e-01 -4.93859887e-01 -2.26894870e-01
 -3.67300957e-01  4.21940756e+00  3.74675810e-01  1.89411297e-01
  3.75617057e-01  7.18574524e-02 -7.56052658e-02  3.40198353e-02
 -9.86844003e-02  1.13410994e-01 -3.44023556e-01  1.80377737e-01
 -3.28410864e-01 -1.51545465e-01  4.97187376e-01 -1.29862368e-01
  7.54957199e-02  3.03244919e-01 -2.89122760e-01 -2.47214377e-01
 -1.65411875e-01 -2.95568258e-01 -2.76696265e-01  5.43326974e-01
  2.36702532e-01 -1.54475439e+00  5.91278076e-02 -5.44464290e-01
 -2.29120940e-01  1.96066201e-01  1.68192327e-01  1.23783693e-01
 -1.84918866e-01  6.36499822e-02  1.53492361e-01 -1.64558902e-01
 -1.10141888e-01  5.62763810e-01 -1.80118710e-01  2.82677978e-01
 -8.32408145e-02  5.66335499e-01  2.31576338e-01 -3.76251847e-01
  4.19250205e-02  2.30657518e-01  1.89883232e-01  2.15878993e-01
  6.31009400e-01 -2.81336665e-01 -1.16142020e-01  1.22757919e-01
  2.77598023e-01  4.50761378e-01 -2.46212319e-01 -6.79446340e-01
 -1.13475755e-01  3.70375633e-01 -1.49249777e-01  2.60952950e-01
 -6.16289735e-01 -6.00767493e-01  3.59080613e-01 -3.07739198e-01
  6.08907565e-02 -3.31638396e-01 -8.50331932e-02 -1.86410174e-01
 -1.10761665e-01 -3.38113046e+00  1.70166902e-02 -4.53968138e-01
 -3.61466646e-01  4.81286854e-01 -2.01035082e-01 -2.21621901e-01
  1.71920419e-01  3.51546943e-01 -4.46243733e-01 -2.09971160e-01
 -2.88418382e-01 -5.40805832e-02  9.41692740e-02 -8.91703963e-01
  1.93919420e-01  2.23761797e-01 -1.40676901e-01 -4.73519355e-01
 -4.40426052e-01  1.24065392e-02  4.09432322e-01 -1.34791166e-01
  2.80291941e-02  1.66328564e-01 -2.71982700e-01 -4.64588910e-01
 -5.74434698e-01 -2.96627790e-01  4.64819193e-01  2.78836757e-01
 -6.56351894e-02 -4.75467891e-02  1.54787749e-01  1.78863481e-02
 -3.22082448e+00  3.86761218e-01 -3.73377442e-01 -2.08502058e-02
  1.49562672e-01  1.00005761e-01 -6.43723458e-02 -3.57254416e-01
 -5.22814631e-01  1.63245678e-01  3.37490737e-01  2.01484039e-01
  2.59866327e-01  1.26569957e-01  6.07359767e-01 -7.70164132e-02
  1.70901626e-01 -3.32805514e-01  2.58540720e-01  2.36412615e-01
  1.89345241e-01  3.51808406e-03 -1.59745634e-01 -7.36041367e-02
  6.92342758e-01  4.10241485e-02 -7.32349098e-01 -6.90560937e-01
 -3.80797505e-01  1.69263542e-01  6.49090588e-01 -1.29972607e-01
 -1.92566607e-02 -3.92709494e-01 -4.35802370e-01 -2.41655469e-01
  2.82413960e-01 -2.47112066e-01  5.25840342e-01 -2.12207615e-01
 -1.69300005e-01  5.65503180e-01 -1.14323273e-01  1.13111690e-01
  2.26129323e-01 -1.58166364e-01  8.82426500e-02  2.85816848e-01
  3.59588802e-01  5.43061316e-01  3.11092734e-01  7.69751798e-03
  1.36797750e+00 -1.92631453e-01 -4.25696112e-02 -5.55206120e-01
  1.49281457e-01 -7.10071027e-02 -2.09486797e-01  2.55938470e-01
  4.58667904e-01 -5.29981375e-01  2.61796534e-01 -2.62051940e-01
  3.73781979e-01 -4.85349476e-01  4.46000040e-01 -3.46025229e-01
 -5.14618993e-01  4.75290269e-02  9.07127634e-02 -2.91619658e-01
 -5.29792786e-01 -1.41674173e+00  6.28334433e-02  1.19817272e-01
 -3.67201790e-02  3.26201230e-01  2.37267882e-01  1.47972986e-01
  5.05739868e-01 -7.62494057e-02  2.44606048e-01  5.04295155e-02
 -6.01848245e-01 -2.43979514e-01 -1.52439922e-01  1.10276714e-01
 -5.95251799e-01 -2.83745408e-01 -1.67550296e-01  8.04086849e-02
  6.51572585e-01  1.31933481e-01  2.34477624e-01  1.21537566e-01
  3.65082890e-01 -8.82128656e-01 -2.47928463e-02 -5.37262931e-02
 -2.03091711e-01 -1.70243695e-01 -6.31070733e-01  5.25514960e-01
 -4.23208103e-02 -6.39813006e-01 -5.93112856e-02  3.22526872e-01
  1.18468508e-01 -4.52124774e-02 -6.42951608e-01 -6.12049401e-02
  2.49378860e-01 -3.78485233e-01  6.23252809e-01 -1.22799404e-01
  2.39242554e-01 -1.32484570e-01  3.14250328e-02 -1.53749570e-01
 -5.40937260e-02 -3.19171518e-01  7.23764598e-02  1.02519423e-01
 -6.05613530e-01 -2.03423947e-01  3.54991555e-02 -1.16230503e-01
 -6.14131808e-01  1.35025661e-02 -4.50362861e-01 -1.21523850e-01
 -7.58354127e-01 -9.15391222e-02 -2.35645398e-01 -5.20271845e-02
 -3.41980100e-01  1.47033811e-01  8.86854157e-03 -5.04100695e-02
  5.19537628e-01 -7.12968856e-02 -4.62065220e-01  1.36355489e-01
 -3.02369505e-01  5.72238028e-01 -6.32760450e-02  3.51642430e-01
 -3.75009596e-01  4.23713923e-01 -4.49156523e-01  1.94691896e-01
  4.49118614e-01 -4.31114674e-01 -6.97925687e-03  3.24324131e-01
 -5.72874397e-02  5.27300119e-01 -2.91275978e-02  2.10260630e-01
  3.63630891e-01 -4.34195638e-01 -1.49760222e+00  1.25770837e-01
  1.76584512e-01  6.13314390e-01  1.58131152e-01 -2.10789308e-01
 -6.49177879e-02  9.37048554e-01  1.74458951e-01 -4.28128093e-02
 -2.35976651e-02 -5.17863333e-01  2.52106607e-01  9.21436585e-03
 -1.24506623e-01 -8.29918236e-02  4.16676477e-02 -4.86743003e-01
  4.05317336e-01 -3.16412181e-01  2.94314295e-01 -4.82096225e-02
  1.61134437e-01  1.32051930e-01 -2.03589454e-01 -3.59627962e-01
 -4.87638444e-01  3.27835888e-01 -3.63555551e-02  4.52176750e-01
 -7.34834448e-02 -1.31786317e-01 -7.42619634e-01 -6.24027848e-01
  3.49712104e-01  4.12185848e-01  1.68962069e-02 -4.65784729e-01
  3.36672276e-01  5.96891701e-01 -6.19349301e-01  6.46100402e-01
  6.28346384e-01  6.35383502e-02  5.70299208e-01  3.69492710e-01
  8.15070122e-02  2.26527840e-01 -6.89785331e-02  8.93139020e-02
  2.36160457e-01  1.16932012e-01 -3.40279251e-01 -3.39899480e-01
  5.89878000e-02 -2.59578884e-01 -1.09554753e-01  1.32467955e-01
 -4.88422334e-01 -6.91375732e-02  5.25084615e-01 -7.48060644e-01
 -1.42009497e-01  4.58897173e-01 -4.00587976e-01 -5.56258738e-01
 -4.36897248e-01 -4.77117121e-01 -7.11188555e-01  1.80581748e-01
  3.35911632e-01 -4.16106582e-01 -7.27592468e-01  7.48313546e-01
 -2.85348386e-01  6.37712002e-01  5.09990990e-01  3.39345694e-01
  4.37286347e-01  2.25845799e-01 -1.08105138e-01  1.33837968e-01
  8.07635412e-02 -2.58689255e-01  1.39617279e-01  3.62061225e-02
  3.88824493e-02 -3.78990948e-01 -4.43896092e-02 -3.28049451e-01
 -1.43024579e-01  1.73537388e-01  6.05319142e-01 -3.58855039e-01
 -2.70789146e-01 -2.93386400e-01 -5.71882054e-02 -3.83415632e-02
 -1.64632320e-01 -7.34013245e-02 -6.58877969e-01  3.10529172e-01
  5.12463212e-01  4.87142839e-02 -2.95973063e-01  1.86184987e-01
  6.97159410e-01 -5.39599597e-01  8.52383897e-02 -2.49982089e-01
  4.09456939e-01 -5.84517658e-01 -4.29856956e-01 -1.01637803e-01
 -3.74693155e-01 -3.76549542e-01  5.70277691e-01 -6.60228789e-01
  1.78381133e+00 -1.31918594e-01  3.30942571e-01 -2.56127298e-01
  2.04444468e-01  4.66041028e-01 -3.08257222e-01  3.99349064e-01
 -9.17496681e-02  5.27417123e-01 -2.21277416e-01  7.01712593e-02
 -4.77598250e-01  2.77021885e-01  2.51838326e-01 -4.49083149e-01
  4.39153612e-01 -1.90351143e-01 -4.01214242e-01  2.99184024e-01
 -2.08434444e-02  1.31732002e-01  4.71023880e-02  1.98748872e-01
  1.43925250e-01  5.88157177e-01 -3.68590914e-02 -6.85738474e-02
  5.95478654e-01  1.11898571e-01  3.97398055e-01  1.34501263e-01
  3.50320131e-01  2.03899518e-02 -4.20215786e-01 -1.29083857e-01
 -5.18539071e-01 -1.83586255e-02  3.11287642e-01  1.57815680e-01
  1.96475163e-01 -4.04695332e-01  3.19118112e-01 -1.33460402e-01
 -1.04021654e-01  7.28731751e-01  2.54429787e-01 -2.53404617e-01
  5.12291431e-01  1.20487407e-01 -7.50255883e-02  4.90494549e-01
 -8.81777704e-02  1.43543482e-01  2.12063491e-01 -2.93455631e-01
 -2.32387573e-01  6.78513199e-02  2.02121019e-01  5.16648948e-01
 -4.14650589e-01  1.16363660e-01  3.89681488e-01 -1.23840556e-01
 -5.50903678e-02 -4.96201143e-02  2.50476241e-01  1.64598197e-01
  3.57419103e-01 -4.59113002e-01 -1.03190884e-01  2.63136923e-01
  4.47909027e-01  4.14053500e-01  3.75679195e-01  2.32435673e-01
  3.51228029e-01 -1.57974482e-01 -2.19664909e-02 -2.57962465e+00
  5.52400768e-01 -9.53530520e-02 -8.66630450e-02  1.29789039e-01
  4.95290086e-02  3.32552373e-01 -2.07083210e-01  1.19390301e-02
 -2.93290149e-02  3.48010123e-01  4.58818853e-01  4.05822456e-01
 -1.93007998e-02  3.66415262e-01  4.04415391e-02  2.81797141e-01
 -7.76603520e-02  2.69346446e-01  7.70819485e-02  4.08865839e-01
  1.44696459e-01  1.37837738e-01 -4.11546916e-01 -6.17911935e-01
 -1.78342208e-01  6.65446669e-02  2.07007498e-01  8.93661603e-02
 -8.19216445e-02  2.31886506e-01  7.01171756e-01 -7.87774697e-02
  2.89099395e-01  1.47506535e-01 -1.15365386e-02 -1.62670016e-01
 -4.26423773e-02 -3.15175295e-01  2.34451652e-01 -1.79682970e-01
  2.23853707e-01 -1.36334807e-01  2.12543070e-01  1.99755743e-01
 -8.83452967e-02  8.18239510e-01 -2.92220592e-01  3.08629572e-01
  1.85198605e-01  1.53502345e-01  3.93953800e-01  2.11731121e-01
  1.06131084e-01 -1.40471414e-01  1.23208247e-01 -4.97448593e-02
  3.42596591e-01  1.11987732e-01 -4.25979346e-01 -3.51942807e-01
  4.01147395e-01 -2.03248098e-01 -6.58282414e-02  1.71611637e-01
 -2.50292063e-01 -1.71067566e-01  3.73049155e-02 -3.24458361e-01
 -6.11042500e-01 -3.39403003e-01 -5.77874124e-01  7.74804592e-01
 -6.15774915e-02  2.78789908e-01 -1.48663700e-01  4.56405669e-01
 -1.10130437e-01 -5.29045947e-02  1.97005533e-02  2.49040693e-01
 -7.98722729e-02  1.87860847e-01 -1.54618606e-01 -3.45472246e-04
 -6.54637957e+00  5.21803319e-01  2.40918651e-01 -3.67433608e-01
 -2.63766319e-01 -3.27208072e-01 -5.72765350e-01 -6.00086749e-01
  3.02597910e-01  2.13446878e-02  9.24431235e-02 -4.21141475e-01
 -6.47386983e-02 -7.84618333e-02  3.62426013e-01  3.76116067e-01]"
Tatiana, are we gonna have enough bread for tonight?;Tatiana, are we gonna have enough bread for tonight?;[('Tatiana', 'NOUN'), (',', '.'), ('are', 'VERB'), ('we', 'PRON'), ('gon', 'VERB'), ('na', 'PRT'), ('have', 'VERB'), ('enough', 'ADJ'), ('bread', 'NOUN'), ('for', 'ADP'), ('tonight', 'NOUN'), ('?', '.')];0.0;[0. 0. 0. ... 0. 0. 0.];"[ 3.07006836e-02  3.29415463e-02  1.92522313e-02  1.60470143e-01
 -7.12716207e-02 -1.00054061e-02  5.81752248e-02 -8.91985223e-02
 -1.53852189e-02  8.81522074e-02 -1.31556913e-01 -7.18122199e-02
 -7.23876953e-02  1.41557967e-02 -1.11703053e-01  6.60487562e-02
  4.47126105e-02  2.99246646e-02 -6.04248047e-02 -4.88368459e-02
 -9.56682488e-02 -2.80412938e-02  1.62571505e-01 -8.20312500e-02
  7.39746094e-02  3.85480598e-02 -1.09671459e-01 -3.31333699e-03
 -2.95497347e-02 -5.37545346e-02 -2.71274019e-02  9.35668945e-02
  4.11551353e-03 -3.72794010e-02  4.68575619e-02  3.71093750e-02
  1.82756688e-02 -3.02908756e-02  4.52793650e-02  7.59800524e-02
  1.56110495e-01 -5.24030402e-02  1.73463002e-01 -4.32826467e-02
  1.58691406e-02 -4.89501953e-02  3.46200131e-02  2.71344874e-02
  4.25502239e-03 -2.73611881e-02 -1.61917545e-02  1.00115098e-01
 -6.20378777e-02  5.63267292e-03 -1.24511719e-02 -1.80576872e-02
 -8.02176353e-03  2.26702003e-04  6.07953742e-02 -6.62318617e-02
 -1.33056641e-02  1.15764074e-01 -9.45172980e-02 -4.15213443e-02
  3.35693359e-02 -6.33021742e-02 -7.78459832e-02  7.92410746e-02
 -9.53369141e-02  3.97426076e-02  2.72565577e-02  8.65827277e-02
  4.04183529e-02  4.65785451e-02 -2.39711210e-01 -7.29457289e-02
  3.56794074e-02  1.06462754e-01 -4.12423257e-03  6.22035451e-02
  2.64718197e-02 -8.89369398e-02  6.15408756e-02 -2.61230469e-02
 -9.29260254e-02 -8.49958137e-02 -1.04598999e-01  1.50320873e-01
  3.69873047e-02  5.69109246e-02  5.78962034e-03  4.50613834e-02
 -4.35006283e-02 -8.41413215e-02 -4.67006154e-02 -1.63853243e-01
  5.85719533e-02  8.34437758e-02  2.45012548e-02 -3.31944041e-02
 -3.78979258e-02 -7.40094855e-02  5.66406250e-02  6.14885613e-02
 -1.21202745e-01 -1.01327077e-01 -4.40586619e-02 -4.08412404e-02
  1.19977677e-02  1.05154859e-02 -1.17693223e-01 -5.19714355e-02
 -3.99605893e-02  1.13002229e-02  5.25251105e-02 -1.74386169e-05
  7.18122199e-02 -5.02733514e-02  3.30112986e-02  7.33729778e-03
 -5.85310794e-02  1.98887419e-02 -5.18362857e-02  3.03431917e-02
  2.82505574e-03 -3.70804928e-02 -1.04666576e-01 -3.64815854e-02
 -5.34319207e-02 -6.32847399e-02  1.01928711e-02 -9.26339254e-02
 -1.03698730e-01 -4.07366082e-02 -5.38940430e-02 -4.96826172e-02
  1.66782930e-01  2.88957860e-02  1.15670338e-01  8.27636719e-02
  6.34940043e-02 -8.29380602e-02  1.78397045e-01 -2.96543669e-02
 -5.40597085e-03  3.83649543e-02 -1.36544360e-02 -2.27678567e-01
 -5.62395379e-02  1.89644955e-02 -1.86418798e-02  6.33719340e-02
 -1.15931921e-01  2.97241211e-02  3.90625000e-02  3.29764225e-02
 -6.56738281e-02 -1.50059294e-02 -1.41599387e-01 -3.79725872e-03
 -2.80325748e-02  6.02395199e-02  2.57655550e-02  7.72879496e-02
  3.66210938e-02 -1.72607422e-01  2.79208589e-02  3.21415486e-03
  1.07233323e-01 -9.52671617e-02 -2.19935820e-01 -4.76422980e-02
  2.96456483e-03 -6.71561137e-02 -5.51627018e-02 -4.03834768e-02
  2.07519531e-02 -6.06863834e-02  2.52685547e-02  8.84835348e-02
 -7.68694207e-02 -1.01248607e-01  9.50055793e-02  6.22711182e-02
 -3.94112710e-03 -4.06581350e-02 -7.75844008e-02  8.35309736e-03
  8.15080926e-02  1.18137904e-01  3.81033756e-02  4.78166863e-02
  5.36237434e-02 -5.96923828e-02 -1.00481309e-01  4.51485775e-02
  2.23323284e-03 -2.43988037e-02 -1.02713451e-01 -1.59807473e-01
  3.12325619e-02  6.96498305e-02 -1.34190153e-02 -6.98852539e-03
 -3.08663510e-02  1.63661409e-02 -8.61402228e-02 -6.03201725e-02
  2.42745541e-02  2.65764501e-02 -1.94614958e-02  7.66601562e-02
 -5.25076725e-02  9.61052999e-02 -2.87039615e-02  2.25742888e-02
  1.57296315e-01  3.48772318e-03 -1.03376113e-01  4.77294922e-02
 -6.04771189e-02  3.57142873e-02 -3.60238217e-02 -5.28215691e-02
  1.35149270e-01 -4.67703678e-02  1.38218477e-01  6.12967350e-02
 -5.53676076e-02 -2.21383236e-02  5.71986614e-03 -4.62908074e-02
  1.56250000e-02  6.19978905e-02  2.04729345e-02 -4.60379459e-02
 -9.41685308e-03 -8.09151754e-02  9.06546488e-02  8.23102705e-03
  4.75725457e-02  8.24372396e-02  9.24246665e-03 -3.51870395e-02
 -1.67410709e-02  2.32020784e-02 -2.95584532e-03  1.06724329e-01
 -7.66252801e-02 -1.35846818e-02  3.56619693e-02  3.08750700e-02
  1.31731302e-01  1.38602123e-01  2.61274073e-02 -5.52302785e-02
  4.96651791e-02 -2.94712614e-02 -7.55963996e-02 -1.15862168e-01
 -4.24979068e-02  8.19614972e-04 -1.19916640e-01  1.33161277e-01
 -2.48674657e-02  1.10421315e-01 -2.14320589e-02  1.04282927e-02
 -7.19517320e-02 -1.23639787e-02  7.16727152e-02  1.77455351e-01
  1.85128346e-01  1.19123183e-01  7.24923238e-02  2.98701692e-02
 -4.15039062e-02 -1.89104348e-01 -7.81250000e-02 -4.08063605e-02
 -4.54101562e-02 -6.13141730e-02  4.66744564e-02  7.27996826e-02
 -5.94133660e-02 -7.55909504e-03 -3.62025686e-02 -2.62799952e-02
  3.20935920e-02  1.27580911e-01 -7.12018684e-02  1.55988419e-02
 -1.16734095e-01  6.46073446e-02  3.42320018e-02  1.65301729e-02
 -2.15715673e-02 -6.39125258e-02  1.82386134e-02 -9.27734375e-03]";"[-0.00412145  0.19722961 -0.06126254  0.1955759   0.00246882 -0.06474059
  0.22962677  0.03817474  0.02398011 -0.07055006  0.00648768  0.09195801
 -0.10626454 -0.00634217 -0.15403351 -0.0039397  -0.14183608 -0.08644665
  0.10449416 -0.00708135 -0.04774286 -0.04182354 -0.08586577  0.08343292
  0.13455884 -0.09578256 -0.07091582  0.15269561 -0.1580271   0.05638917
  0.01193598 -0.0036689   0.08352718  0.04412686 -0.0795683  -0.04380164
  0.0631605  -0.11795115 -0.11844388 -0.18574756 -0.08182678 -0.09001338
  0.03884    -0.15233172  0.0883081   0.10769605  0.03768649  0.01277323
  0.15540467 -0.05155138  0.04050392 -0.0152136   0.05604817  0.01648705
 -0.06434429 -0.00446199  0.11447666 -0.07977176  0.06131306 -0.04953426
 -0.12140749 -0.0509927   0.03400005  0.09224802  0.05070202  0.12101825
  0.01003457 -0.08556732 -0.04434605  0.005039    0.06048208  0.04409943
 -0.02789286  0.0304963  -0.00784    -0.05099196 -0.06513427 -0.03479216
  0.07592758  0.15151924 -0.02449655 -0.02362033 -0.02173144  0.08007673
  0.09437016 -0.04472144 -0.04123041  0.00793171 -0.10665143  0.00113725
 -0.05085294  0.03323448  0.00851921  0.05030532 -0.02097717 -0.10995147
  0.18319051 -0.17288429 -0.07547157  0.01128622 -0.11350196 -0.04356338
 -0.02411383  0.01957017  0.0537316  -0.08316965 -0.01205375  0.08845323
 -0.10286737  0.09881382  0.00299353 -0.04390359  0.14023317 -0.01018198
  0.05366707 -0.1227333   0.10120084 -0.08652712  0.10492513 -0.10342246
  0.15329249  0.21462758 -0.04847445  0.04481325 -0.1628447   0.00346487
  0.00302882 -0.09496985 -0.08423629  0.08177658 -0.05192764  0.0596351
  0.10347533 -0.10798813 -0.02621505  0.10679498 -0.13341375 -0.1376865
  0.04467833  0.01340716  0.11078145 -0.1322356  -0.05385661 -0.09909572
  0.12016857 -0.06607332 -0.03208953 -0.0517068   0.03235759 -0.09950563
 -0.09619137 -0.08702452 -0.0508885   0.00962433 -0.15182544  0.09635228
 -0.05278249  0.0282879  -0.06149172  0.14978921 -0.05048958 -0.007309
 -0.19655162 -0.00258308 -0.08323216  0.03618421  0.07838657 -0.12432296
  0.07225052  0.10402969  0.03783149  0.10717776  0.12128337 -0.03299806
  0.11932531 -0.01341094 -0.13113739 -0.07237111 -0.08652443  0.0112133
 -0.05210202  0.09318078 -0.2428189  -0.02114362  0.07978281 -0.08207579
  0.20960127  0.05127029  0.00609073 -0.04085545  0.01394155 -0.01832519
 -0.07157756  0.11113795  0.14175396 -0.08189725  0.15630001 -0.10804928
  0.00553652 -0.04799773  0.08316473 -0.11652166 -0.17283152  0.07231625
  0.08738311  0.03851704  0.00440693  0.00322409  0.01184237 -0.02926992
 -0.05417051 -0.02492411  0.1954828  -0.03607725 -0.00101378 -0.15698496
  0.14830418 -0.11336493 -0.2793925  -0.00054904  0.05035509  0.04917431
  0.10032319 -0.16628952 -0.09546583 -0.1888138   0.08969903 -0.01754436
 -0.1488371   0.24017806  0.09728848 -0.13632663 -0.01711413  0.06001837
 -0.01647733  0.05992403  0.01904362 -0.05780342  0.03757579 -0.39171568
 -0.15123966 -0.04897415 -0.04560814 -0.16962631  0.05952265 -0.08420321
  0.0580759  -0.03475318  0.0087867   0.02031997  0.17522494 -0.01587801
  0.10574601  0.08858746 -0.03424137  0.10429997  0.17953713 -0.13085726
 -0.09492298 -0.1823916   0.10082185  0.31922516 -0.03360195 -0.12519264
 -0.15439762 -0.08443651 -0.02160216  0.00998424  0.03680308  0.01542242
  0.00156795 -0.02231726  0.10656372  0.12053833 -0.03566278  0.09063975
 -0.07403532 -0.01587247 -0.09301808  0.08339548  0.13038653 -0.05293852
  0.07599168  0.15321761  0.01177618  0.05392972 -0.20826133  0.04779918
 -0.05418345  0.20651491 -0.10364813  0.09536979  0.17290996 -0.05703883
 -0.09280431 -0.02472035 -0.03492701  0.0951262   0.05933049  0.09897006]";"[-1.89241488e-02 -7.34076463e-03  5.15408814e-03 -1.81393340e-01
 -1.77069068e-01 -3.49789947e-01  6.00597501e-01  5.60944200e-01
  2.62482017e-01 -1.44693866e-01  5.69539890e-02 -7.36298561e-02
  8.89501721e-02  8.35012197e-02  2.84288377e-01  8.53111967e-02
  5.67395613e-02  6.66047454e-01  4.83953506e-01  3.42256933e-01
  3.71509224e-01 -2.91933119e-01  5.21247387e-01  2.85535812e-01
  2.28849620e-01 -2.61508495e-01 -2.31522202e-01 -6.39343709e-02
  4.18892145e-01 -2.02889740e-01 -3.58728141e-01  2.47877613e-01
 -4.52253401e-01 -4.70266879e-01  3.95730257e-01  8.20921510e-02
  3.01327318e-01  1.06351987e-01 -1.80543557e-01 -1.46468729e-02
 -7.65717924e-01 -4.24795091e-01  6.89575225e-02 -4.08930272e-01
  2.93478727e-01 -5.27936459e-01 -3.16694903e+00 -1.03802577e-01
 -1.61901668e-01 -6.31831825e-01  8.15043807e-01 -9.74635556e-02
  9.16372538e-02  3.17428440e-01 -2.76029199e-01  2.20442846e-01
 -9.97134805e-01  3.43795627e-01 -2.30852365e-01 -6.50321469e-02
  3.18577737e-01  3.81896436e-01 -1.16208717e-01  3.23232234e-01
 -1.87568571e-02  6.07932806e-01 -2.63840288e-01  4.56289828e-01
 -1.90651312e-01  9.17701423e-01 -6.70742512e-01  4.20217663e-02
  6.17076457e-02  2.08951548e-01 -3.69015262e-02  5.81925362e-02
 -9.96231884e-02  2.84686118e-01 -4.18157756e-01  9.03189778e-02
 -4.49058086e-01  9.35572147e-01  1.49509758e-01  2.24405602e-02
  2.14311421e-01  4.43031073e-01 -2.55993128e-01 -2.99584866e-01
  4.77873206e-01  7.10929334e-01 -3.55612487e-01  2.50006914e-02
 -2.23815590e-01  5.21024346e-01  5.51424801e-01  2.19124481e-01
  2.52028227e-01  5.46680808e-01  1.79191500e-01  6.94935977e-01
 -7.95216933e-02 -1.94204465e-01  5.52256942e-01 -6.48325384e-01
 -3.31363410e-01 -1.35990351e-01 -8.84484500e-02 -6.10973179e-01
  5.57149291e-01 -2.55315399e+00  2.79954910e-01 -1.99785784e-01
  2.57850513e-02 -2.13191405e-01 -2.48034284e-01  2.71849930e-01
  6.58244967e-01 -2.54570603e-01 -1.97293848e-01 -3.58711600e-01
  8.49509835e-02  3.32002431e-01  7.07937777e-03 -3.75933379e-01
 -1.19055338e-01  4.01371926e-01  2.98592955e-01  1.18183307e-01
  6.50016785e-01  1.41067684e-01  6.76365376e-01  6.75338864e-01
 -5.39550930e-03 -2.56842822e-01 -3.10025007e-01  2.14453071e-01
  4.84990299e-01  8.94722864e-02  5.95919266e-02 -6.73392192e-02
 -5.93374252e-01 -4.54173416e-01 -2.57802343e+00  5.06021976e-01
  5.81070483e-01  1.54470354e-01 -5.77314615e-01 -1.27743274e-01
 -2.13514969e-01 -2.12757513e-01 -3.47147435e-01 -9.53990966e-02
 -6.37906492e-01  2.49532685e-01 -2.56989062e-01 -2.61267006e-01
 -6.88332438e-01 -4.30116534e-01  3.17965537e-01  7.85093307e-01
  4.02127057e-01 -3.95978421e-01  1.25373602e-01  4.08542752e-01
 -5.82877278e-01  2.46895373e-01  6.19068623e-01  1.84280336e-01
 -3.52328643e-02  5.21229982e-01 -2.84825891e-01  5.97838223e-01
  7.60732353e-01  1.33105712e-02 -3.99469972e-01 -2.61209548e-01
  2.28750437e-01  4.47791338e-01  4.06330340e-02  3.33856642e-01
 -3.21012676e-01  4.64252084e-02  2.47042309e-02 -1.35016978e-01
  5.13688624e-01 -2.35687494e-02  6.60448432e-01  8.27973988e-03
 -7.50265956e-01 -1.37512609e-01  2.02084094e-01 -1.74804181e-01
  3.22979331e-01  6.06850207e-01  5.99307299e-01 -2.26835281e-01
  5.05056798e-01 -2.39402860e-01  4.22435582e-01  1.11647792e-01
  1.75278127e-01 -5.38719594e-01  5.37948459e-02  5.12992084e-01
 -4.91545081e-01  3.97544098e+00 -5.43907955e-02 -9.87177789e-02
 -4.11993712e-02  2.94947892e-01 -5.70348918e-01  2.55472392e-01
 -2.94383287e-01 -5.97759038e-02 -7.74877906e-01  1.78639188e-01
  4.36770558e-01  1.76838666e-01  3.71823609e-01 -1.89850003e-01
  1.64193392e-01 -2.62856007e-01 -4.23896372e-01  1.03211097e-01
 -2.20366344e-02 -6.00859523e-01 -3.88325453e-01  2.15226561e-01
 -2.42558718e-02 -1.29959142e+00 -4.87753451e-01 -2.48498201e-01
 -2.12397948e-02  4.70039427e-01 -6.60926163e-01  1.00740470e-01
 -4.22267467e-01 -1.64181337e-01  1.49320453e-01 -1.43150240e-01
  5.67531705e-01  4.02420610e-01  4.09247369e-01  5.30692935e-01
 -3.11357856e-01  4.56232041e-01  5.91088057e-01  9.55949724e-03
  8.53141069e-01 -5.77754490e-02  4.87627685e-02 -1.05682373e-01
  4.35476065e-01 -3.03539246e-01  4.10280615e-01  2.66373277e-01
 -1.95332855e-01  5.17121017e-01 -1.66815564e-01  4.12199274e-03
  3.79975289e-01  2.87972689e-01  1.67938679e-01  3.30113292e-01
 -8.72646451e-01 -5.02323508e-01  1.81846619e-02 -5.53574383e-01
  9.90422629e-03 -1.20317638e-01  8.60905498e-02 -3.81215155e-01
 -3.33893359e-01 -3.08293915e+00  5.63179970e-01 -3.03237021e-01
  4.19951767e-01 -4.21564355e-02 -5.40038049e-01 -4.47294712e-02
  5.35319686e-01  4.94621068e-01 -4.56452698e-01  5.53275347e-01
 -5.43468118e-01 -8.23500603e-02  2.90218771e-01 -1.78197056e-01
  3.63085359e-01  4.47439700e-02  1.19236872e-01 -2.25330383e-01
 -2.78995186e-01 -2.26433188e-01  3.61265242e-01 -7.72845149e-02
  3.74522358e-01  1.31944120e-01  9.40420777e-02 -1.04846014e-02
 -1.14922158e-01 -2.82944500e-01  6.24913424e-02  3.45849872e-01
 -2.20909685e-01 -1.21137857e-01  3.88660073e-01 -7.10525990e-01
 -2.13350725e+00  1.05688617e-01 -2.63121843e-01 -3.81249785e-01
 -7.42941052e-02 -4.07100245e-02  5.03271699e-01 -1.93534549e-02
 -5.87105095e-01 -1.86333403e-01 -4.38386738e-01 -2.09949106e-01
 -1.79535002e-01  2.82055348e-01  2.12686345e-01  1.12089641e-01
  6.03718460e-01 -2.70508647e-01  8.83891702e-01  1.86071903e-01
 -2.57355869e-02  3.43141377e-01  1.44767880e-01  1.14359394e-01
  2.80488759e-01  5.88956296e-01 -5.99065006e-01 -7.30293214e-01
 -3.19873393e-01  1.87010437e-01  2.51439810e-01 -2.36569375e-01
 -1.50605127e-01 -1.04133226e-01 -4.26255733e-01 -1.05869085e-01
  1.83922514e-01 -1.22998968e-01  5.46516299e-01 -1.90076381e-01
  5.32663018e-02  3.09305668e-01  1.73339248e-01 -4.40630428e-02
  6.05529964e-01  5.99249840e-01 -3.38615388e-01  1.06179863e-02
 -4.87355888e-01  4.84576762e-01 -4.08641696e-01 -4.99920212e-02
  1.64638984e+00 -2.06142306e-01 -4.45153080e-02  2.85928786e-01
  1.97375834e-01 -3.66976112e-02  3.61093193e-01  2.81958431e-02
  1.00803494e+00 -5.72809815e-01  7.99899101e-02 -5.18811271e-02
  2.02014551e-01 -4.99809921e-01  8.40596929e-02 -7.31288254e-01
  1.76901937e-01  3.20843577e-01 -4.54355299e-01 -2.25887805e-01
 -3.71151656e-01 -1.07094240e+00 -5.06409466e-01  1.75782964e-01
 -3.13298523e-01  1.33961052e-01 -2.91562825e-01 -1.83124423e-01
  2.43844092e-01 -3.99064362e-01 -4.00339961e-01  4.18929905e-01
 -3.87894809e-01 -2.38894165e-01 -7.06119835e-02 -4.44374353e-01
 -8.36426675e-01 -2.68765271e-01 -2.16974705e-01  1.19943045e-01
  2.32981026e-01  4.27690119e-01  9.42921266e-02  3.51111352e-01
  3.52206767e-01 -6.83698893e-01  2.70216644e-01 -1.39555037e-01
 -3.81274462e-01 -1.66454375e-01  5.43801859e-02  3.97510350e-01
 -7.88168982e-02 -2.32229102e-02 -4.28692728e-01  4.87043679e-01
  3.91384423e-01  2.58851200e-01 -4.76046383e-01 -4.38254535e-01
 -6.82523847e-01 -1.65832207e-01  7.24233568e-01  9.67787877e-02
  4.31443095e-01  7.50051618e-01 -7.05495030e-02  4.26577151e-01
  1.94118857e-01 -5.31587839e-01  1.32700175e-01 -3.47763419e-01
 -2.59702861e-01 -4.05471534e-01  3.18821460e-01 -2.73575336e-01
 -3.47804278e-01 -3.46847743e-01  3.67976993e-01 -1.13287903e-01
 -9.85544205e-01 -5.52562177e-01 -2.71158874e-01 -1.13115758e-01
 -4.89774615e-01 -2.92587221e-01  4.93638963e-03 -4.19848412e-02
  2.46279925e-01 -3.31801802e-01 -5.65861166e-01  3.72515678e-01
  5.04206344e-02  5.02406299e-01 -2.74835452e-02 -1.32751942e-01
 -3.85126710e-01  7.10564435e-01 -3.96722317e-01 -2.20596209e-01
 -3.09277456e-02 -6.49782121e-01 -1.62518561e-01  1.16790682e-02
  5.77032387e-01 -3.27796303e-02  9.83061194e-02  3.64996865e-02
 -1.44326627e-01 -2.07336932e-01 -1.86731505e+00  8.30194771e-01
  8.11330855e-01 -2.57790610e-02  6.29170358e-01 -2.41807088e-01
 -5.94303191e-01  5.04567981e-01 -2.50302628e-02  4.50719208e-01
 -3.41562152e-01  1.68928146e-01 -8.82707611e-02 -1.65349826e-01
  3.17204595e-01  2.50128239e-01 -8.31580833e-02 -1.03885305e+00
 -5.03557205e-01 -6.83589697e-01 -6.70035928e-02  3.53817195e-01
  1.61817610e-01 -1.95297003e-01  6.19182028e-02 -2.97032475e-01
 -1.79817259e-01  5.76772273e-01 -3.05372655e-01  4.33592111e-01
  3.33262354e-01 -3.42651218e-01 -4.97382432e-01  4.89408523e-02
 -1.03017054e-01  6.89223781e-02  5.08966684e-01 -5.45388199e-02
  7.29292691e-01  4.08186466e-01 -1.18507184e-02  3.28344822e-01
  3.32579911e-01  1.76687598e-01  6.82030737e-01  2.17704549e-01
 -2.12082952e-01  3.36667567e-01  3.39874774e-02 -4.05405253e-01
  1.18783414e-01  3.53974879e-01  2.66656429e-01 -1.03996828e-01
 -1.58205628e-01  2.73275882e-01  5.52194357e-01 -2.03993451e-02
 -7.92712986e-01 -1.32524565e-01  6.74128532e-01 -1.61715090e-01
 -5.02297997e-01  2.32576817e-01 -6.81166649e-01 -3.29009622e-01
 -2.68663883e-01 -4.08748060e-01 -5.01536608e-01 -1.54629141e-01
  3.62072140e-01  3.45579267e-01 -6.11492038e-01  5.77774942e-01
 -3.28858554e-01  2.59900570e-01 -6.73837289e-02  3.32625717e-01
  8.29390049e-01 -6.14110351e-01  7.33109534e-01 -5.41809201e-01
 -5.40671825e-01  4.10913736e-01 -2.06463374e-02  4.72920448e-01
  5.84579930e-02 -4.49059159e-01  1.44896023e-02 -1.26067363e-02
 -5.05721748e-01 -4.47385788e-01 -1.40214935e-01  1.19556651e-01
 -3.81932497e-01 -2.02182069e-01  7.61008412e-02  2.95673162e-01
 -1.07610792e-01 -3.02072316e-01 -2.06558388e-02  5.60453653e-01
  6.42764330e-01 -2.62341410e-01 -1.63893383e-02  9.55735594e-02
  6.42401874e-01 -2.93254167e-01 -3.56874943e-01 -3.48976970e-01
 -2.81114668e-01 -5.19179165e-01  3.17260399e-02 -3.20044272e-02
  4.78262782e-01 -8.92145395e-01  4.40046459e-01 -2.25249574e-01
  2.10352850e+00  4.66844350e-01 -2.49298692e-01 -3.16718251e-01
  3.91044676e-01 -2.32590318e-01 -6.92252100e-01  2.53430828e-02
 -6.08734667e-01  1.11063325e+00 -1.06163427e-01  1.18969925e-01
 -1.16454355e-01 -2.05313385e-01  6.71406448e-01 -2.23016307e-01
  9.64299291e-02 -2.18034387e-01 -6.47595882e-01  2.37603448e-02
 -6.53866768e-01  2.02741593e-01  1.88230872e-01 -4.37046252e-02
  6.30772859e-03 -9.15949345e-02 -6.20449381e-03  5.01185656e-03
  1.57312244e-01  6.08398795e-01 -5.53567231e-01 -1.78498775e-01
  2.62777209e-01  3.06778461e-01 -3.75442430e-02  5.83685338e-01
 -1.51804999e-01 -3.78157645e-01 -2.74323791e-01  4.02388215e-01
  1.23532593e-01 -3.17473531e-01  8.63918126e-01  2.96657801e-01
 -2.61198580e-01  7.76932359e-01 -5.46950698e-01 -4.73867655e-01
  2.54135668e-01  3.39750558e-01 -3.42638493e-01  3.70321065e-01
 -4.94170696e-01 -1.24917366e-01 -3.08197349e-01 -1.02499478e-01
 -1.63975265e-02 -2.47727647e-01 -2.96145231e-01  7.60867298e-01
 -4.13617224e-01  7.31835246e-01  5.58498390e-02 -4.09937143e-01
  1.46627435e-02  1.76326498e-01 -1.27499998e-01 -3.33248198e-01
 -2.03203693e-01 -1.20187259e+00 -1.15397491e-01  3.66992891e-01
  1.46589667e-01  3.78671646e-01 -7.42886774e-03  4.26280349e-01
  3.13886344e-01 -4.29146916e-01 -4.81408894e-01 -2.65387177e+00
  2.71768630e-01  3.59724522e-01  3.27979922e-01 -8.65083188e-02
  5.96250594e-02  9.74259302e-02 -2.98553377e-01 -3.92896421e-02
 -9.47197825e-02  4.39534575e-01  3.54655921e-01  8.10235381e-01
 -2.87956446e-01  2.73193359e-01 -1.64272755e-01  6.41307831e-01
 -6.44485950e-01  8.67091566e-02 -3.35715979e-01  2.69871026e-01
  2.20121115e-01  1.43040359e-01 -5.34393847e-01 -3.68899435e-01
  3.80695134e-01 -5.90235852e-02 -7.89810866e-02 -1.30542710e-01
  3.97115886e-01  8.56545419e-02  7.29742289e-01 -3.06973666e-01
  1.93453431e-01  3.19930762e-02  1.36276901e-01 -4.41862136e-01
  6.52089596e-01  5.28042793e-01  3.87930185e-01 -8.77121091e-02
  5.91046333e-01 -2.17001900e-01  5.41786849e-01 -1.60247207e-01
  2.95283735e-01  3.29831392e-01  8.89933780e-02  5.03662348e-01
 -2.54283011e-01 -3.28269079e-02  1.76759556e-01  1.53084174e-01
  1.35642439e-01  5.90873547e-02  9.87918079e-02  6.74436241e-02
 -1.29875794e-01  4.52226773e-02 -3.33723545e-01 -4.37568665e-01
  2.55466223e-01 -8.04314792e-01 -4.73244376e-02  2.93533504e-02
 -3.55110429e-02  1.53800249e-02  1.45658672e-01 -1.50280982e-01
 -1.65180594e-01 -1.80896997e-01 -1.45807639e-01  6.88060641e-01
  4.14713621e-01  4.32644963e-01 -3.12553614e-01  3.93537492e-01
  5.02303600e-01 -2.35120095e-02  1.94015115e-01 -4.46239412e-01
  2.46162027e-01  4.88512218e-04  4.41627830e-01  3.77142817e-01
 -7.22151852e+00  4.87666696e-01 -1.76402152e-01 -5.05176604e-01
 -3.69185433e-02 -6.22006536e-01 -1.71287090e-01 -7.19505787e-01
 -1.92949980e-01 -2.44154021e-01  2.36825660e-01  8.99502784e-02
 -1.78053379e-01 -6.40293956e-01  8.10341001e-01  3.60735327e-01]"
